Country or area,Survey Start Year,Survey End Year,Age group,Any method %,Any modern method %,Female Sterilization %,Male Sterilization %,IUD %,Implant %,Injectable %,Pill %,Male condom %,Female condom %
Afghanistan,2000,2000,12-49,5.3,3.6,0.8,0.1,0.3,..,1.3,1.2,..,..
Afghanistan,2003,2003,<50,10.3,8.7,..,..,..,..,2.2,5,0.6,..
Afghanistan,2005,2005,<50,13.6,12.5,..,..,..,..,5,6,1.1,..
Afghanistan,2006,2006,10-49,18.6,17.5,0.7,..,1,..,5.4,8.1,2.2,..
Afghanistan,2007,2008,15-49,22.8,15.2,..,..,..,..,..,..,..,..
Afghanistan,2010,2011,15-49,21.2,20.3,0.6,0.2,1.2,0.8,9.6,5.5,1.3,0.2
Afghanistan,2010,2010,15-49,21.8,19.9,1.4,0,1.3,0.1,6.5,5.3,1.7,..
Afghanistan,2012,2012,12-49,..,13.8,..,..,..,..,..,..,..,..
Afghanistan,2015,2016,15-49,22.5,19.8,1.8,0,1.4,0.2,4.9,6.8,3.3,..
Afghanistan,2015,2015,12-49,..,16.3,..,..,..,..,..,..,..,..
Afghanistan,2018,2018,12-49,18.9,17.4,0.2,..,1,..,5.8,6.7,3.6,..
Albania,2000,2000,15-49,57.5,17.9,0.9,0.2,..,..,0.7,5.6,7.9,..
Albania,2002,2002,15-44,75.1,8,4,..,0.5,..,0.4,1,2.1,..
Albania,2005,2005,15-49,60.1,25,1.2,0.1,..,..,0.8,9.5,10.9,..
Albania,2008,2009,15-49,69.3,10.6,3,..,0.9,..,0.7,1.6,4,..
Albania,2017,2018,15-49,46,3.7,1,0,0.3,0,0.2,0.6,1.4,0
Algeria,1986,1987,15-49,35.8,31.3,..,..,2.1,..,..,26.6,0.5,..
Algeria,1992,1992,15-49,50.9,43.2,1.1,0,2.4,..,0.1,38.9,0.5,..
Algeria,1995,1995,15-49,56.9,49.4,..,..,4,..,0.1,44.2,0.8,..
Algeria,2000,2000,15-49,64,55,..,..,4.3,..,..,44.3,1.5,..
Algeria,2002,2002,15-49,57,51.8,..,..,3.1,..,..,46.8,..,..
Algeria,2006,2006,15-49,61.4,53.9,1.1,..,2.3,..,..,45.9,2.3,..
Algeria,2012,2013,15-49,57.1,49.5,0.5,0,2.2,0.2,0.1,43,1.9,0
Algeria,2018,2019,15-49,53.6,44.9,0.4,0.1,2.4,0.3,0,39,2.1,0
Angola,1996,1996,15-49,8.1,4.1,..,..,0.7,..,1.2,1.9,0.3,..
Angola,2001,2001,15-49,6.3,4.9,0.1,0,0.4,0,1.4,2.2,0.3,0.1
Angola,2008,2009,12-49,17.7,..,..,..,..,..,..,..,4.5,..
Angola,2015,2016,15-49,13.7,12.5,0.1,..,0.2,0.7,4.7,3.5,3.1,0
Antigua and Barbuda,1981,1981,15-44,48.2,44.6,10.5,..,5,..,5.4,20,2,..
Antigua and Barbuda,1988,1988,15-44,52.6,50.6,11.4,..,1.1,..,3.2,26.2,5.5,..
Azerbaijan,2000,2000,15-49,55.1,16.7,0.5,0.1,9.3,..,0.4,3.3,2.1,..
Azerbaijan,2001,2001,15-44,55.4,11.9,1.2,..,6.1,..,..,1,3.2,..
Azerbaijan,2006,2006,15-49,51.1,14.3,0.4,..,9.2,..,0,1.1,2.2,..
Azerbaijan,2011,2011,15-49,54.9,13.9,0.9,..,7.7,..,..,1.2,2.6,..
Argentina,2001,2001,15-49,65.3,63.8,..,..,9.5,..,..,30.4,22.3,..
Argentina,2004,2005,15-49,78.9,69.9,5.8,..,8.4,..,2.4,20.4,32.9,..
Argentina,2011,2012,15-49,55.4,53.5,3.2,0,6.4,0,2.4,25.5,15.7,0.1
Argentina,2013,2013,14-49,81.3,78.2,5.6,0,7.5,0,..,..,24.1,..
Argentina,2019,2020,15-49,70.1,68.2,15.7,0.2,7.5,2.9,4.1,23.2,12.4,0.4
Australia,1986,1986,20-49,76.1,72.2,27.7,10.4,4.9,..,..,24,4.4,..
Australia,1995,1995,18-49,66.7,63.9,12.8,9.7,2,..,..,26.7,11.7,..
Australia,2001,2002,16-59,70.8,70.8,15.9,13.7,0.8,0.8,1.1,23.8,15.2,0.1
Australia,2005,2006,18-44,65.2,63.1,7,15.2,1.8,2.1,1.1,21.8,13.7,..
Australia,2008,2009,18-44,62,59.2,5,13.9,2.4,2.5,0.5,21.5,12.6,..
Australia,2011,2012,18-44,67.8,65.1,4,12.8,4.5,3.9,1.2,23.5,13.9,..
Australia,2015,2016,18-44,66.9,64.7,5.1,14,5.9,4.3,0.7,16.7,17,..
Austria,1995,1996,20-49,50.9,46.8,..,0.5,7.3,..,0.3,30.8,7.2,..
Austria,2008,2009,18-46,69.6,67.6,6.3,4.3,15.4,0.8,1.9,24,14,..
Austria,2012,2013,18-49,65.7,63,3,2,14.2,0.8,2.4,18.6,18.7,..
Austria,2012,2012,16-49,81,..,..,..,..,..,..,..,..,..
Austria,2015,2015,16-49,71,..,..,..,..,..,..,..,..,..
Austria,2019,2019,16-49,79,..,..,..,..,..,..,..,..,..
Bahamas,1988,1988,15-44,61.7,60.1,16.4,..,3.7,..,4.8,31.5,2.3,..
Bahrain,1989,1989,15-49,53.8,30.3,7.2,..,1.6,..,..,13.1,8.2,..
Bahrain,1995,1995,15-49,61.8,30.6,6.2,0,2.9,..,0,10.9,9.6,..
Bahrain,2000,2000,15-49,53.4,..,..,..,..,..,..,..,..,..
Bangladesh,1975,1976,10-49,7.7,5,0.6,0.5,0.5,..,..,2.7,0.7,..
Bangladesh,1979,1980,10-49,12.7,8.9,2.4,0.9,0.2,..,0.2,3.6,1.5,..
Bangladesh,1981,1981,10-49,18.6,11,4,0.8,0.4,..,0.4,3.5,1.6,..
Bangladesh,1983,1984,10-49,19.1,13.7,6.2,1.2,1,..,0.2,3.3,1.5,..
Bangladesh,1985,1986,10-49,25.3,18.4,7.9,1.5,1.4,..,0.5,5.1,1.8,..
Bangladesh,1988,1989,10-49,30.8,23.2,8.5,1.2,1.4,..,0.6,9.6,1.8,..
Bangladesh,1989,1989,10-49,31.4,24.4,9,1.4,1.7,..,1.1,9.1,1.9,..
Bangladesh,1991,1991,10-49,39.9,31.2,9.1,1.2,1.8,..,2.6,13.9,2.5,..
Bangladesh,1993,1994,15-49,44.9,36.6,8.2,1.1,2.2,..,4.6,17.5,3,..
Bangladesh,1996,1997,15-49,49.8,42.1,7.7,1.1,1.8,0.1,6.3,21.1,3.9,..
Bangladesh,1999,2000,15-49,54.3,44,6.8,0.5,1.3,0.5,7.3,23.3,4.3,..
Bangladesh,2001,2001,13-49,50.2,43.9,5.3,0.5,0.8,0.5,7.9,25.7,3.2,..
Bangladesh,2004,2004,15-49,58.5,47.6,5.3,0.6,0.6,0.8,9.8,26.4,4.2,..
Bangladesh,2007,2007,15-49,55.8,47.5,5,0.7,0.9,0.7,7,28.5,4.5,..
Bangladesh,2011,2011,15-49,61.2,52.1,5,1.2,0.7,1.1,11.2,27.2,5.5,..
Bangladesh,2012,2013,15-49,61.8,59.3,4,0.6,0.6,0.9,14.7,33.9,4.2,0.2
Bangladesh,2014,2014,15-49,62.3,53.9,4.6,1.2,0.6,1.7,12.4,27,6.4,..
Bangladesh,2016,2016,15-49,62.8,56,4.1,0.8,0.5,1.8,12.1,28.8,6.2,..
Bangladesh,2017,2018,15-49,61.9,51.9,4.8,1.1,0.6,2.1,10.7,25.4,7.2,..
Bangladesh,2019,2019,15-49,62.7,59.1,3.3,0.5,0.7,1.6,12.5,34.3,6,0
Bangladesh,2022,2022,15-49,64,54.7,4.5,0.9,0.4,1.7,11.4,27.4,8.1,..
Armenia,1991,1991,15-44,56,25.2,..,..,7.8,..,..,1.7,15.7,..
Armenia,2000,2000,15-49,60.5,22.3,2.7,..,9.4,..,0.1,1.1,6.9,..
Armenia,2005,2005,15-49,53.1,19.5,0.6,..,9.4,..,..,0.8,8.1,..
Armenia,2010,2010,15-49,54.9,26.8,0.2,..,9.6,..,..,1.5,14.6,..
Armenia,2015,2016,15-49,57.1,28,0.7,..,8.9,..,0.2,2.6,14.7,..
Barbados,1980,1981,15-49,46.5,44.7,14.4,0.3,4,..,2.2,15.8,5.4,..
Barbados,1988,1988,15-44,55,53.3,10,0.3,5.2,..,0.9,27,7.4,..
Barbados,2012,2012,15-49,59.2,55.4,4.7,0.1,3.1,0.8,5,21.2,19.5,0.5
Belgium,1966,1966,20-40,72,10.8,..,..,..,..,..,5,2.9,..
Belgium,1975,1976,20-44,87,47.9,..,..,3.5,..,..,30.5,7.8,..
Belgium,1982,1983,20-44,81,63.2,..,..,8.1,..,..,31.6,6.5,..
Belgium,1991,1992,21-39,78.4,74.3,10.9,7,5,..,..,46.7,4.7,..
Belgium,1997,1997,15-54,56.5,54.8,..,..,5.2,..,..,37.9,..,..
Belgium,2001,2001,15-49,75.6,74,..,..,7.6,..,..,47.5,7.3,..
Belgium,2004,2004,15-49,74.6,72.9,..,..,9.7,..,..,44.8,6,..
Belgium,2008,2010,18-49,70.4,69.1,8.4,8.4,..,..,..,..,6,..
Belgium,2013,2013,15-54,66.8,65.9,..,..,18.1,..,..,28,6.2,..
Belgium,2018,2018,15-49,66.7,65.4,..,..,21.8,..,..,25.5,6.4,..
Bhutan,1994,1994,15-49,18.8,18.8,3.1,8,1,..,4,2.4,0.3,..
Bhutan,2000,2000,15-49,30.7,30.7,3.1,13.6,3.4,0,5.9,3.4,1.2,..
Bhutan,2007,2007,15-49,..,35.4,..,..,..,..,..,..,..,..
Bhutan,2010,2010,15-49,65.6,65.4,7.1,12.6,3.7,0.1,28.9,7.5,5.5,0
Bolivia (Plurinational State of),1983,1983,15-49,23.6,9.9,2.4,0.1,3.4,..,0.4,2.7,0.4,..
Bolivia (Plurinational State of),1989,1989,15-49,30.3,12.2,4.4,0,4.8,..,0.7,1.9,0.3,..
Bolivia (Plurinational State of),1993,1994,15-49,45.3,17.7,4.6,..,8.1,..,0.8,2.8,1.3,..
Bolivia (Plurinational State of),1998,1998,15-49,48.3,25.2,6.5,..,11.1,..,1.1,3.8,2.6,..
Bolivia (Plurinational State of),2000,2000,15-49,53.4,30.5,4.3,..,12.6,..,3.2,3.8,3.3,..
Bolivia (Plurinational State of),2003,2004,15-49,58.4,34.9,6.5,..,10.2,..,8,3.6,3.9,..
Bolivia (Plurinational State of),2008,2008,15-49,60.5,34.5,6.5,0.1,8.4,..,11.3,3.3,4,..
Bolivia (Plurinational State of),2016,2016,15-49,66.5,45.1,9.7,0.1,6.8,3.8,12,3.9,6.8,0.1
Bosnia and Herzegovina,1970,1970,15-44,42.9,3.1,..,..,0.2,..,..,1.4,1.5,..
Bosnia and Herzegovina,2000,2000,15-49,47.5,16.2,0.1,0,7.9,0,..,4.5,3.1,0
Bosnia and Herzegovina,2006,2006,15-49,35.7,11.3,0.1,..,3.6,..,..,3.4,4.1,0.1
Bosnia and Herzegovina,2011,2012,15-49,45.8,12,0.2,0,3.8,0,0,1.6,6.2,0.2
Botswana,1984,1984,15-49,19.3,18.6,1.5,0,4.8,..,1,10,1.2,..
Botswana,1988,1988,15-49,33,31.7,4.3,0.3,5.6,..,5.4,14.8,1.3,..
Botswana,1996,1996,15-49,47.2,46.5,4.9,0,4.3,0.9,7.7,21.3,7.4,..
Botswana,2000,2000,15-49,44.4,42.1,1.2,0.2,1.7,0.4,8.1,14.3,15.5,0.5
Botswana,2007,2008,12-49,52.8,51.2,2.1,0.1,0.8,..,6.8,6.1,41.7,..
Botswana,2017,2017,15-49,67.4,..,..,..,..,..,..,..,..,..
Brazil,1986,1986,15-44,66.2,56.5,26.8,0.8,1,..,0.6,25.2,1.7,..
Brazil,1996,1996,15-49,76.7,70.3,40.1,2.6,1.1,..,1.2,20.7,4.4,..
Brazil,2006,2007,15-49,80.3,77.1,29.1,5.1,1.9,0.1,4,24.7,12.2,..
Brazil,2013,2013,18-49,80.2,77.7,21.4,4.2,2,0.1,5.3,34.2,10.3,0.1
Brazil,2019,2019,15-49,80.5,79.5,13.9,4.5,3.5,..,7.9,32.7,16.4,..
Belize,1991,1991,15-44,46.7,41.8,18.7,..,1.9,..,4.3,14.9,1.9,..
Belize,1999,1999,15-44,56.1,49.3,18,..,1.5,..,7.6,15.6,6.6,..
Belize,2006,2006,15-49,34.3,31.5,8.9,0.1,2.1,0.1,5,10.8,4.1,..
Belize,2011,2011,15-49,55.2,52,20.7,0.1,1.6,0.1,11.4,12.5,5.1,0.3
Belize,2015,2016,15-49,51.4,48.5,17.4,0.1,1.5,3.3,10.1,10.9,4.8,0.3
Solomon Islands,2006,2007,15-49,34.6,27.4,13.3,0.3,2.1,..,8.8,1.3,1.5,0
Solomon Islands,2015,2015,15-49,29.3,24.3,9,0.6,2,2.4,8.2,1.1,1,0
Bulgaria,1976,1976,15-44,75,6,..,..,1.4,..,..,2.5,2.1,..
Bulgaria,1995,1995,15-44,85.9,45.6,..,..,22.3,..,..,9.3,14,..
Bulgaria,1997,1998,20-44,63.4,39.6,..,..,10.6,..,..,10.7,16.7,..
Bulgaria,2004,2005,18-49,64.4,36.8,2.3,0.1,10.4,..,..,5.6,18.2,..
Bulgaria,2007,2007,20-49,69.2,40.1,2.1,0.1,8.9,..,..,6.2,22.3,..
Myanmar,1991,1991,15-49,16.8,13.6,3.7,1.8,0.9,..,3.1,4,0.1,..
Myanmar,1997,1997,15-49,32.7,28.3,5.5,2.2,1.3,..,11.7,7.4,0.1,..
Myanmar,2001,2001,15-49,37,32.8,4.6,1.5,1.8,..,14.8,9.8,0.3,..
Myanmar,2007,2007,15-49,41,38.4,4.4,1,1.8,..,19.7,10.8,0.7,..
Myanmar,2009,2010,15-49,46,45.8,3.6,0.4,2.1,0.1,27.5,11.5,0.4,0
Myanmar,2015,2016,15-49,52.2,51.3,4.8,0.3,2.8,0.9,27.6,13.8,1,..
Burundi,1987,1987,15-49,8.7,1.2,0.1,..,0.3,..,0.5,0.2,0.1,..
Burundi,2000,2000,15-49,15.7,10,0.2,0.1,0.8,0,4.7,3.9,0.2,..
Burundi,2002,2002,15-49,19.7,8.5,0.1,0,0.8,..,4.7,2.4,0.5,..
Burundi,2005,2005,15-49,9.1,7.9,0.2,..,0.1,0,5,1.8,0.3,..
Burundi,2009,2009,15-49,22.7,19.6,..,0,0.9,..,13.3,3,..,0.1
Burundi,2010,2011,15-49,21.9,17.7,0.6,..,2.7,0.6,10.4,2.4,1,..
Burundi,2012,2012,15-49,31.7,30.3,0.3,0.1,3.2,4,18.7,2.9,0.7,0.1
Burundi,2016,2017,15-49,28.5,22.4,0.5,0.1,0.9,6,11.6,1.7,1.2,0
Belarus,1995,1995,18-34,50.4,42.1,0.8,..,29,..,..,6.7,4.8,..
Belarus,2005,2005,15-49,72.6,56.5,2.4,..,25.7,..,..,10.4,17.5,..
Belarus,2012,2012,15-49,63.1,52,3.2,0,15.1,0.1,0.1,10.3,22.3,0.1
Belarus,2017,2017,18-49,71.2,59.3,3,0.1,8.4,0.1,0.1,12.6,33.9,..
Belarus,2019,2019,15-49,52.6,45.9,4.9,..,9.8,0,0.1,6.5,24.2,0.2
Cambodia,1995,1995,15-44,12.6,6.9,1.3,..,1.6,..,2.3,1.3,0.3,..
Cambodia,1998,1998,15-49,21.8,16.1,0.9,..,1.8,..,7,5.8,0.6,..
Cambodia,2000,2000,15-49,23.8,18.8,1.5,0.2,1.3,0.1,7.4,4.5,0.9,0
Cambodia,2005,2006,15-49,40,27.2,1.7,0.1,1.8,0.2,7.9,12.6,2.9,..
Cambodia,2010,2011,15-49,50.5,34.9,2.4,0,3.1,0.4,10.4,15.8,2.7,0
Cambodia,2014,2014,15-49,56.3,38.8,3,0.1,4.4,2.2,9.1,17.8,2.1,0
Cambodia,2021,2022,15-49,61.9,43.8,3.1,0.1,5.1,2.1,6.1,25.5,1.7,0
Cameroon,1978,1978,15-49,2.4,0.6,..,..,0.2,..,0,0.2,0.2,..
Cameroon,1991,1991,15-49,16.1,4.3,1.2,..,0.3,..,0.4,1.2,0.9,..
Cameroon,1998,1998,15-49,19.3,7.1,1.5,..,0.6,..,0.7,2,2.1,..
Cameroon,2000,2000,15-49,25.6,11.1,1,0,0.2,0.2,1,1.7,1.9,0.1
Cameroon,2004,2004,15-49,26,13.1,1.2,..,0.3,0.3,1.4,1.6,7.6,..
Cameroon,2006,2006,15-49,29.2,15.2,0.4,..,0.3,0.6,2.3,1.9,6.5,0.1
Cameroon,2011,2011,15-49,23.4,14.4,0.5,..,0.2,0.7,3,1.9,7.6,0.1
Cameroon,2014,2014,15-49,34.4,21,0.2,0,0.3,1.3,4.5,2.3,7.3,0.1
Cameroon,2018,2018,15-49,19.3,15,0.3,..,0.9,2.6,3.7,1.1,5.2,0
Canada,1984,1984,18-49,73.1,69.7,30.6,12.9,5.8,..,0,11,7.9,..
Canada,1995,1995,15-49,74.7,73.3,30.6,15.2,2.9,..,..,14.4,9.4,..
Canada,1998,1998,15-44,80,76,16,24,2,..,..,16,15,..
Canada,2002,2002,18-44,74,72,11,22,1,..,1,21,15,..
Canada,2006,2006,15-49,85,..,7,7.4,4.3,0.1,2.4,43.7,54.3,0.3
Canada,2018,2018,18-49,60.1,54.9,12.1,1.3,5.9,0.9,2.1,14,14.6,..
Cabo Verde,1988,1989,15-49,23.8,19,..,..,..,..,..,..,..,..
Cabo Verde,1998,1998,15-49,52.9,46,12.8,0,4.3,..,7.7,18.2,3,..
Cabo Verde,2005,2005,15-49,61.3,57.1,14.8,..,2.2,..,11.3,21.4,6.1,..
Cabo Verde,2018,2018,15-49,55.8,54.7,8.4,0.1,2.1,2.7,14.8,20.9,5.4,..
Central African Republic,1994,1995,15-49,14.8,3.3,0.4,..,0.1,..,0.6,1.1,1,..
Central African Republic,2000,2000,15-49,27.9,11.7,0.3,0,0.2,0,0.6,4.8,0.9,0
Central African Republic,2006,2006,15-49,19,11.2,0.3,0.1,0.1,0,0.2,4.4,3.5,..
Central African Republic,2010,2011,15-49,15.2,12.1,0.2,0,0,0.2,0.5,5.9,2.3,0.1
Central African Republic,2019,2019,15-49,17.8,14.4,0.2,0.1,0,2.2,2.5,5,1.4,0.1
Sri Lanka,1975,1975,15-49,34.4,20.2,..,..,5.2,..,0.4,1.7,2.3,..
Sri Lanka,1977,1977,15-49,48.6,26.9,13.7,1.7,5.4,..,0,2.4,3.7,..
Sri Lanka,1981,1982,15-49,47.7,33.7,20,3.9,3.1,..,1.4,2.5,2.8,..
Sri Lanka,1982,1982,15-49,57.8,31.9,18.1,3.8,2.9,..,..,2.7,3.3,..
Sri Lanka,1987,1987,15-49,61.7,40.6,24.9,4.9,2.1,..,..,4.1,1.9,..
Sri Lanka,1993,1993,15-49,66.1,43.7,23.5,3.7,3,0.1,4.6,5.5,3.3,..
Sri Lanka,2000,2000,15-49,70,49.6,21,2.1,5.1,0.1,10.8,6.7,3.7,..
Sri Lanka,2006,2007,15-49,68.4,52.5,16.3,0.7,6.5,0.3,14.8,8.1,5.7,..
Sri Lanka,2016,2016,15-49,64.6,53.6,14,0,10.6,4.6,8.6,8.6,7,0
Chad,1996,1997,15-49,4.1,1.2,0.2,..,..,..,0.2,0.6,0.2,..
Chad,2000,2000,15-49,7.9,6.4,0.6,..,0.1,..,0.2,1.1,0,..
Chad,2004,2004,15-49,2.8,1.7,0.2,..,0,..,0.5,0.5,0.4,..
Chad,2010,2010,15-49,4.8,4.5,0.1,..,..,..,0.9,0.5,0.1,..
Chad,2014,2015,15-49,5.7,5,0.2,..,..,1,2.1,0.4,0.3,..
Chad,2019,2019,15-49,8.1,6.7,0.1,0,0.1,1.2,2.9,0.4,0.1,0
Chile,2001,2001,15-44,60.7,57.9,5.7,0,21.7,..,0.6,23.3,6.5,..
Chile,2006,2006,15-44,..,64.2,7.1,..,18.9,..,..,29.1,9.1,..
Chile,2015,2016,15-49,76.3,69.8,11.9,0.1,17.1,..,6.9,25,7.6,..
China,1970,1970,15-49,..,13.5,5.6,..,5,..,..,..,..,..
China,1971,1971,15-49,..,17.3,5.9,..,7.8,..,..,..,..,..
China,1972,1972,15-49,..,22.5,7.8,..,10.2,..,..,..,..,..
China,1973,1973,15-49,..,28.4,10.1,..,14.1,..,..,..,..,..
China,1974,1974,15-49,..,34.4,12.1,..,17.4,..,..,..,..,..
China,1975,1975,15-49,..,40.6,14.7,..,20.8,..,..,..,..,..
China,1976,1976,15-49,..,45.2,16.9,..,23.3,..,..,..,..,..
China,1977,1977,15-49,..,48.4,18.9,..,24.6,..,..,..,..,..
China,1978,1978,15-49,..,50.2,19.7,..,25.6,..,..,..,..,..
China,1979,1979,15-49,..,53.7,22.9,..,26.1,..,..,..,..,..
China,1980,1980,15-49,..,54.6,23.9,..,25.7,..,..,..,..,..
China,1981,1981,15-49,..,54.7,24.3,..,26,..,..,..,..,..
China,1982,1982,15-49,69.5,66.7,17.6,6.9,34.9,..,..,5.9,1.4,..
China,1982,1982,15-49,..,58.2,26.8,..,26.6,..,..,..,..,..
China,1983,1983,15-49,..,64.2,33.6,..,25.9,..,..,..,..,..
China,1984,1984,15-49,..,66.3,35.1,..,26.3,..,..,..,..,..
China,1985,1985,15-49,..,66.2,34.9,..,26.3,..,..,..,..,..
China,1986,1986,15-49,..,65.7,34.4,..,26.1,..,..,..,..,..
China,1987,1987,15-49,..,69.3,35.9,..,28.2,..,..,..,..,..
China,1988,1988,15-49,71.1,69.9,27.2,7.8,29.5,..,..,3.5,1.9,..
China,1988,1988,15-49,..,73.2,36.9,..,30.1,..,..,..,..,..
China,1992,1992,15-49,84.6,83.7,35.9,10.2,33.1,..,..,3.1,1.4,..
China,1997,1997,15-49,83.8,83.3,33.5,7.7,36.4,0.4,..,1.7,3.4,..
China,2001,2001,15-49,86.9,86.2,33.1,6.9,39.6,0.3,..,..,4.4,..
China,2006,2006,15-49,84.6,84,28.7,4.5,40.6,0.3,0,1.2,8.5,..
China,2015,2015,15-49,86.8,85.4,29.3,6,44.2,..,0.2,2.2,3.2,..
China,2017,2017,15-49,84.5,80.5,18.3,1.4,34.1,0.2,0,1.2,24.6,..
"China, Taiwan Province of China",1965,1965,20-44,23.6,21.6,5.5,0,11.5,..,0,0.7,1.3,..
"China, Taiwan Province of China",1967,1967,20-44,33.5,29.3,6.6,0,18.1,..,0,2.3,1.8,..
"China, Taiwan Province of China",1970,1970,20-44,37.4,29,1.4,0.3,15.9,..,0.2,5.3,4.8,..
"China, Taiwan Province of China",1973,1973,20-39,54.7,47.5,8.2,0.6,27.1,..,0.1,5.5,4.9,..
"China, Taiwan Province of China",1979,1979,20-39,68.9,61,16.5,1.2,24.4,..,0.1,6.1,12.1,..
"China, Taiwan Province of China",1986,1986,20-49,74.7,67.2,22.5,2,24.3,..,0,6.1,12,..
"China, Taiwan Province of China",1998,1998,20-44,85.6,77.7,22.6,0.8,22,0.3,0,3.5,28.4,0
"China, Taiwan Province of China",2004,2004,20-49,74.9,..,..,..,..,..,..,..,..,..
"China, Taiwan Province of China",2008,2008,20-50,79.7,67.1,24.5,2.7,19.9,..,..,3.3,38.9,..
"China, Taiwan Province of China",2012,2012,20-51,79.7,67.9,18,4,15.3,..,..,2.6,47.6,..
"China, Taiwan Province of China",2016,2016,20-52,75.2,65.5,13.4,5.8,9.5,..,..,3.1,55.2,..
Colombia,1969,1969,15-49,20.5,8.9,..,..,2.7,..,..,4.8,..,..
Colombia,1976,1976,15-49,42.5,30.4,4,0.2,8.5,..,0.4,13.3,1.7,..
Colombia,1978,1978,15-49,46.1,37.3,7.5,..,7.7,..,..,17.2,1.4,..
Colombia,1980,1980,15-49,48.5,41,10.7,0.2,8.1,..,..,17.4,..,..
Colombia,1986,1986,15-49,64.8,52.5,18.3,0.4,11,..,2.4,16.4,1.7,..
Colombia,1990,1990,15-49,66.1,54.7,20.9,0.5,12.4,..,2.2,14.1,2.9,..
Colombia,1995,1995,15-49,72.2,59.3,25.7,0.7,11.1,0.7,2.5,12.9,4.3,..
Colombia,2000,2000,15-49,76.9,64,27.1,1,12.4,0.2,4,11.8,6.1,..
Colombia,2004,2005,15-49,78.2,68.2,31.2,1.8,11.2,0.3,5.8,9.7,7.1,..
Colombia,2009,2010,15-49,79.1,72.9,34.9,3.4,7.5,3.1,9.2,7.6,7,..
Colombia,2015,2016,15-49,81,75.9,35,3.6,4.7,5.4,14.2,7,5.8,..
Comoros,1996,1996,15-49,21,11.4,2.8,..,0.3,..,4.3,2.9,1,..
Comoros,2000,2000,15-49,25.7,20.9,0.7,0,0.4,0.7,8.5,8.3,0.7,0
Comoros,2012,2012,15-49,19.4,14.2,0.8,..,0.1,1.6,5.6,3.1,2.1,0
Comoros,2022,2022,15-49,11.6,8.6,0.9,0,0,1.5,2.7,2.5,0.6,0.2
Congo,2005,2005,15-49,44.3,12.7,0.2,..,0.1,..,1,2.3,8.9,..
Congo,2011,2012,15-49,44.7,20,0.1,..,..,0.1,2.8,2.9,12.3,0.1
Congo,2014,2015,15-49,30.1,18.5,0.2,0,0,0.4,2.9,4.7,8.9,0.4
Democratic Republic of the Congo,1982,1984,13-49,15.4,4.4,1.2,0,0.7,..,0.8,1.4,0.3,..
Democratic Republic of the Congo,1991,1991,12-49,7.7,2.3,0.3,0,0.1,..,0.4,0.5,0.5,..
Democratic Republic of the Congo,2001,2001,15-49,31.4,10.2,0.4,0.1,0.1,0,0.3,1,2.3,0
Democratic Republic of the Congo,2007,2007,15-49,20.6,5.8,0.8,..,0.2,..,0.4,1,3.4,..
Democratic Republic of the Congo,2010,2010,15-49,17.7,7.7,0.8,0,0.1,0.3,0.7,1,2.5,0.1
Democratic Republic of the Congo,2013,2014,15-49,20.4,7.5,0.7,0.1,0.2,0.7,1.2,0.7,3.4,..
Democratic Republic of the Congo,2017,2018,15-49,28.1,17.6,0.6,0,0.4,2.5,2.5,2.6,2.9,0.2
Cook Islands,1996,1996,15-49,63.2,60.4,11.3,0,3.3,4.7,20.8,22.6,2.4,..
Cook Islands,1999,1999,15-49,43.2,38.2,4.4,0.6,1.4,..,16.3,15.2,0.3,..
Costa Rica,1976,1976,20-49,64.4,53.5,12.3,1,5.2,..,2,22.5,8.8,..
Costa Rica,1978,1978,15-49,63.8,54.9,14,0.8,4.8,..,2,23.3,8.7,..
Costa Rica,1981,1981,15-49,65.2,55.9,17.3,0.5,5.7,..,2.2,20.6,8.4,..
Costa Rica,1986,1986,15-44,69.5,58.2,13.9,0.5,8,..,1,20.7,13.4,..
Costa Rica,1992,1993,15-49,75,64.6,19.7,1.3,8.7,..,1,18,15.7,..
Costa Rica,1999,1999,18-44,80,71.5,21.4,0.5,6.9,..,5.9,25.6,10.9,..
Costa Rica,2010,2010,15-49,82.2,79.9,30,5.9,3.4,0.3,9.5,21.3,9,0.5
Costa Rica,2011,2011,15-49,76.2,74.7,27.3,4.6,2.4,0.1,8.7,20.7,10.8,0
Costa Rica,2015,2015,15-49,77.8,74.9,25.5,5.1,3.2,..,9.2,22.7,9.2,..
Costa Rica,2018,2018,15-49,70.9,69,21.9,5.2,3.4,0.5,9.7,21.4,6.8,0.1
Croatia,1970,1970,15-44,58,7,..,..,0.4,..,..,3.1,3.5,..
Cuba,1987,1987,15-49,70,67,22,0,33,0,0,10,2,..
Cuba,2000,2000,15-49,73.3,72.2,19,0,43.5,0.3,0.7,3.6,5,..
Cuba,2006,2006,15-49,72.6,71.6,19,0,35.2,0.1,0.9,5.5,10.6,0.2
Cuba,2010,2011,15-49,74.3,73.2,23.9,0.1,24.9,0.1,1.4,5.2,17.2,0.2
Cuba,2014,2014,15-49,73.7,72.2,24.5,0,23.8,0,0.6,7.3,15.5,0.3
Cuba,2019,2019,15-49,69,67.9,20.7,0,20.1,0.7,1.2,9.7,15,0.3
Cuba,2022,2022,15-49,62.1,60.1,..,..,..,..,..,..,..,..
Czech Republic,1958,1959,15-49,51,21.8,..,..,..,..,0.2,..,21.2,..
Czech Republic,1970,1970,<45,66,24.3,0,0,9.2,..,..,2.6,12.5,..
Czech Republic,1977,1977,18-44,95,49.3,2.8,0,18,..,..,14.2,13.3,..
Czech Republic,1991,1991,15-44,78,53,2,..,17,..,..,7,27,..
Czech Republic,1993,1993,15-44,68.9,44.9,2.7,..,15.3,..,..,8,18.7,..
Czech Republic,1997,1997,15-44,72,62.6,7.2,5.1,13.9,..,..,23.1,12.7,..
Czech Republic,2005,2005,18-44,78.2,69.9,..,..,7.6,..,..,45.7,15.4,..
Czech Republic,2008,2008,18-44,86.3,77.6,..,..,7.3,..,..,54.4,13.1,..
Benin,1981,1982,15-49,6.6,0.7,..,0.1,0.1,..,..,0.3,0.2,..
Benin,1996,1996,15-49,16.4,3.4,0.4,..,0.5,..,0.7,1,0.7,..
Benin,2001,2001,15-49,18.6,7.2,0.3,..,0.8,0.3,2.1,1.8,1.3,..
Benin,2006,2006,15-49,17,6.1,0.3,..,0.6,0.5,1.8,1.5,1.1,..
Benin,2011,2012,15-49,12.9,7.9,0.1,..,0.5,1,2,1.3,1.8,0
Benin,2014,2014,15-49,17.9,12.5,0.2,..,1,2.7,3.6,2.6,1.2,..
Benin,2017,2018,15-49,15.5,12,..,..,1.6,5.4,2.2,1.5,0.9,..
Benin,2021,2022,15-49,23.1,16.9,..,..,1.1,7.2,4.6,1.9,0.9,..
Denmark,1970,1970,<45,67,54,..,..,2.7,..,..,24.8,20.1,..
Denmark,1975,1975,18-44,63,59.9,..,..,8.8,..,..,22.1,24.6,..
Denmark,1988,1988,15-44,78,72,5,5,11,..,..,26,22,..
Denmark,1991,1993,15-49,76.5,..,4.7,10,23.9,..,0,21,24.3,..
Dominica,1981,1982,15-44,62.3,57.5,18.2,..,2.5,..,11.2,20.2,4.8,..
Dominica,1987,1987,15-44,49.8,47.9,11.9,..,1.6,..,11.2,17.2,6,..
Dominican Republic,1975,1975,15-49,31.8,26,11.9,0.1,2.8,..,0.2,7.9,1.5,..
Dominican Republic,1980,1980,15-49,42,35,..,..,..,..,..,9,..,..
Dominican Republic,1983,1983,15-49,45.8,41.8,27.4,0.1,3.8,..,..,8.6,1.5,..
Dominican Republic,1986,1986,15-49,49.8,46.5,32.9,0.1,3,0.2,0.1,8.8,1.4,..
Dominican Republic,1991,1991,15-49,56.4,51.7,38.5,..,1.8,..,..,9.8,1.2,..
Dominican Republic,1996,1996,15-49,63.7,59.2,40.9,..,2.5,0.6,..,12.9,1.4,..
Dominican Republic,1999,1999,15-49,69.2,64.2,43.5,0.2,3.2,0.5,0.8,14.5,0.9,..
Dominican Republic,2000,2000,15-49,64.7,62.8,42.9,..,2.5,0.4,1.6,14.2,0.9,..
Dominican Republic,2002,2002,15-49,69.8,65.8,45.8,0.1,2.2,0.5,1.9,13.5,1.3,..
Dominican Republic,2006,2006,15-49,61.3,60,36.9,..,1.9,..,4.1,14.1,2,..
Dominican Republic,2007,2007,15-49,72.9,70,47.4,0,2.1,0.6,4.2,13.4,1.9,..
Dominican Republic,2009,2010,15-49,73,71.1,44.1,..,1.7,..,6.3,16.8,1.4,..
Dominican Republic,2013,2013,15-49,71.9,68.7,40.9,0.2,1.7,0.5,5.7,16.6,2.6,..
Dominican Republic,2014,2014,15-49,69.5,68,40.7,0.2,2.5,1,4.3,17.8,1.4,0.1
Dominican Republic,2019,2019,15-49,62.8,62,30.5,0.1,2.8,2.5,8.6,16.5,0.9,0
Ecuador,1979,1979,15-49,33.6,25.8,7.8,0.2,4.8,..,0.9,9.5,1,..
Ecuador,1982,1982,15-49,39.9,32.9,12.4,..,6.4,..,0.7,10.3,1.1,..
Ecuador,1987,1987,15-49,44.3,35.8,15,0,9.8,0,0.7,8.5,0.6,..
Ecuador,1989,1989,15-49,52.9,41.6,18.3,0.2,11.9,..,0.4,8.6,1.3,..
Ecuador,1994,1994,15-49,56.8,45.9,19.8,0.1,11.8,..,0.5,10.2,2.6,..
Ecuador,1999,1999,15-49,65.8,51.4,22.5,..,10.1,..,3.5,11.1,2.7,..
Ecuador,2004,2004,15-49,72.7,58.7,24.2,0,10.1,..,5.9,13.3,4.3,..
Ecuador,2012,2012,15-49,80.1,71.7,32.3,0.3,5.1,5.8,10.8,11.1,5.4,0
Ecuador,2013,2014,15-49,74.7,67.2,26.5,0.4,4.3,8.2,11.5,10.8,3.9,0.6
Ecuador,2018,2019,15-50,77.9,72.4,28.8,0.4,2.9,9,14.9,10.6,5,0.1
El Salvador,1975,1975,15-44,21.6,20,..,..,2,..,..,7.3,0.6,..
El Salvador,1978,1978,15-44,34.4,32.3,..,..,3.3,..,..,8.7,1.5,..
El Salvador,1985,1985,15-49,47.3,44.5,31.8,0.7,3.3,..,0.7,6.6,1.2,..
El Salvador,1988,1988,15-44,47.1,43.5,29.6,0.6,2,..,0.9,7.6,2.4,..
El Salvador,1993,1993,15-44,53.3,48.4,31.5,0.4,2.1,..,3.6,8.7,2.1,..
El Salvador,1998,1998,15-44,60,54.7,34.9,0.4,1.3,..,8.1,7.3,2.4,..
El Salvador,2002,2003,15-44,67.3,61,32.7,0,1.3,..,18.3,5.8,2.9,..
El Salvador,2008,2008,15-44,72.3,66.1,35.3,0.3,0.8,..,20,4.9,4.3,..
El Salvador,2014,2014,15-49,71.9,67.6,36.8,0.3,2.2,0.2,19.8,4.2,3.9,0
El Salvador,2021,2021,15-49,53.6,52.1,21.2,0.1,2.8,1.9,19.6,4.6,1.8,0
Equatorial Guinea,2000,2000,15-49,10.1,6.5,0.5,0.1,0.7,0.1,2.3,1.5,0.4,0.2
Equatorial Guinea,2011,2011,15-49,12.6,9.5,1,..,0.5,0,2.1,2.3,2.2,..
Ethiopia,1990,1990,15-49,4.8,2.9,0.3,0,0.3,..,0,2.2,0.1,..
Ethiopia,1997,1997,15-49,3.3,2.8,..,..,..,..,..,..,..,..
Ethiopia,2000,2000,15-49,8.1,6.3,0.3,..,0.1,0,3.1,2.5,0.3,..
Ethiopia,2005,2005,15-49,14.7,13.9,0.2,..,0.2,0.2,9.9,3.1,0.2,..
Ethiopia,2010,2011,15-49,28.6,27.3,0.5,..,0.3,3.4,20.8,2.1,0.2,..
Ethiopia,2014,2014,15-49,33.4,32.8,0.1,..,0.7,5.1,24.4,2,0.2,..
Ethiopia,2014,2014,15-49,35.6,34.3,0.3,..,0.7,7.2,23.8,1.6,0.2,..
Ethiopia,2014,2014,15-49,42,40.4,0.1,..,1,4.9,31.1,2.7,0.4,..
Ethiopia,2015,2015,15-49,37.9,35.9,0.4,..,0.9,7.5,24.5,2.1,0.2,0
Ethiopia,2016,2016,15-49,35.9,35.1,0.4,..,2,7.9,22.8,1.8,0.1,..
Ethiopia,2016,2016,15-49,39.2,37.3,0.3,..,0.8,9,24.1,2.8,0.2,0
Ethiopia,2017,2017,15-49,36.6,35.3,0.3,0,1.2,8.4,23.3,1.8,0.1,0
Ethiopia,2018,2018,15-49,40.1,37.8,..,..,0.9,9.5,24.1,2,..,..
Ethiopia,2019,2019,15-49,41.4,40.5,0.3,..,1.5,8.5,27.2,2,0.1,..
Ethiopia,2019,2019,15-49,37,35.8,0.3,..,0.8,11.6,20,2.2,0.1,..
Ethiopia,2020,2020,15-49,37.7,35.6,0.4,..,0.7,10.7,21,2.1,0.4,..
Ethiopia,2021,2022,15-49,36.2,34.7,0.6,..,0.7,12.3,18.5,2.2,0.2,..
Eritrea,1995,1996,15-49,8,4,0.3,..,0.6,..,0.8,2,0.3,..
Eritrea,2002,2002,15-49,8,7.2,0.2,..,0.4,..,2.6,1.4,0.6,0
Eritrea,2010,2010,15-49,8.4,7,0.2,0,0.3,0,1.8,2.3,0.8,..
Estonia,1994,1994,20-49,70.3,56.4,..,..,35.9,..,..,3.9,16.1,..
Estonia,2004,2005,18-49,63.4,57.9,0.1,..,21.5,..,..,19,13.5,..
Estonia,2006,2006,16-49,66.7,52.6,3,..,16.3,..,0.1,14.7,16.4,..
Estonia,2010,2010,16-49,64.1,54.8,3,..,17.5,..,1.6,14.4,17.9,..
Estonia,2014,2014,16-44,75.1,60.6,1.3,..,15.4,..,0,21.7,20.9,..
Estonia,2014,2014,16-49,64.4,55.9,2.2,..,20.1,..,0.3,13.9,18.2,..
Fiji,1974,1974,15-49,40.9,35.1,15.8,0.1,4.7,..,0.3,8.2,6,..
Fiji,2021,2021,15-49,35.4,31.2,6.3,0,2.5,6.7,9.7,3.3,2.2,0.2
Finland,1971,1971,<45,77,53.9,..,..,3.1,..,..,20,30.8,..
Finland,1977,1977,18-44,80,77.2,4,0.8,28.8,..,..,11.2,32,..
Finland,1989,1990,25-49,77.4,75.4,14.9,1.1,25.8,..,1.9,11.3,20.1,..
Finland,1992,1992,18-49,78.8,75.5,..,..,10.6,..,..,35.1,24.5,..
Finland,1999,1999,18-49,79.5,72.8,..,..,7.3,..,..,33.8,27.2,..
Finland,2007,2007,18-49,74.2,68.9,..,..,9.8,..,..,32,22.7,..
Finland,2015,2015,18-49,85.5,81.6,..,..,10.1,..,..,35.8,30.7,..
France,1971,1971,<45,64,20.9,..,..,1.3,..,..,10.9,7.7,..
France,1977,1978,20-44,78.7,47.6,..,..,10.3,..,..,26.6,6.1,..
France,1988,1988,20-44,81.2,66.6,6.7,0,25.9,..,..,29.7,4.3,..
France,1994,1994,20-49,74.5,69.3,8,..,19.9,..,..,35.6,5,..
France,2000,2000,18-44,81.8,76.5,..,..,21.9,..,..,43.8,4.7,..
France,2004,2005,15-49,76.6,74.8,..,..,22.7,..,..,41.5,6.8,..
France,2005,2005,18-49,74.8,73.4,4.9,0.8,19.2,1.3,0.1,38.8,7.7,..
France,2008,2008,20-49,76.4,74.1,3.8,0.8,18.9,0.1,1,40.6,7.9,..
France,2010,2011,15-49,78.4,72.7,4.1,..,21.5,2,..,36.6,7,..
French Guiana,2020,2021,18-44,70,60,..,..,15,8,..,27,10,..
Djibouti,2002,2002,15-49,9,5.8,..,..,..,..,..,4.2,..,..
Djibouti,2006,2006,15-49,17.8,17.1,0.4,..,0.4,..,2.5,13.6,0.2,..
Djibouti,2012,2012,15-49,19,18,..,..,..,0.6,6.1,10.9,..,..
Gabon,2000,2000,15-49,32.7,13.4,1,..,..,..,0.5,4.8,5.1,..
Gabon,2012,2012,15-49,31.1,19.4,0.6,..,..,..,0.4,5.7,12,..
Gabon,2019,2021,15-49,24.8,16.8,0.2,0,0,0.7,1.2,3.7,10,..
Georgia,1999,2000,15-44,40.5,19.8,1.6,..,9.7,..,0,1,6.3,..
Georgia,2005,2005,15-44,47.3,26.6,2.2,..,11.6,..,0,3.2,8.7,..
Georgia,2005,2005,15-49,31.5,19.8,0.7,0,8.2,..,..,4.5,5.9,..
Georgia,2006,2006,18-49,45.6,31.1,6,0.1,10.3,..,0.2,7.7,6.4,..
Georgia,2009,2009,21-49,35.5,26.7,4.7,0.1,8.1,..,0.1,6.2,7.1,..
Georgia,2010,2010,15-44,53.4,34.7,2.9,..,12.5,..,..,4.1,13.6,..
Georgia,2018,2018,15-49,40.6,32.7,3.3,0.9,7.8,0.3,0,5.2,13.8,0
Gambia,1990,1990,15-49,11.8,6.7,0.4,..,0.9,..,1.7,3.3,0.4,..
Gambia,2000,2000,15-49,9.5,8.7,0.1,..,0.8,0,3.8,3.8,0.1,..
Gambia,2001,2001,15-49,17.5,12.7,0.7,..,1.4,..,3.5,6.5,0.5,..
Gambia,2010,2010,15-49,13.3,8.5,..,..,..,..,3.4,3.2,..,..
Gambia,2013,2013,15-49,9,8.1,0.6,..,0.3,0.6,3.9,2.1,0.6,..
Gambia,2018,2018,15-49,16.8,16.3,0.3,0,0.5,5,8.2,2.1,0.1,..
Gambia,2019,2020,15-49,18.9,17.1,0.6,0,0.6,5.5,8.1,1.9,0.3,0
State of Palestine,1996,1996,15-49,45.2,30.7,..,..,21.5,..,..,3.8,..,..
State of Palestine,2000,2000,15-49,51.4,36.7,2.7,0.1,24.6,..,0.4,5.8,2.8,..
State of Palestine,2004,2004,15-49,50.6,37.3,2.7,0,23.7,..,0.7,6.2,3.8,..
State of Palestine,2006,2007,15-49,50.2,38.9,..,..,24.8,..,..,7,..,..
State of Palestine,2010,2010,15-49,52.5,44.2,2.6,0,26.3,0,0.7,6.7,4.8,0.3
State of Palestine,2014,2014,15-49,57.2,44.1,1.8,0,26.2,0,0.9,8,5.5,0
State of Palestine,2019,2020,15-49,57.3,42.8,1.8,0.3,26.1,0.2,0.9,6.9,5.3,0.1
Germany,1970,1971,18-50,70.1,48.2,..,..,..,..,..,33.2,14.7,..
Germany,1972,1972,16-49,82.2,60.6,1,0.8,1.3,..,..,41.3,15.8,..
Germany,1985,1985,15-44,77.9,67.6,10.3,2.1,14.6,0,0,33.7,5.7,..
Germany,1992,1992,20-39,70.1,65.6,5.5,0.5,5.3,..,0,52.6,1.1,..
Germany,2005,2005,18-49,66.2,61.6,8.3,2.4,5.9,0.3,0.7,37.2,6.2,..
Germany,2008,2008,21-49,50.7,49.2,..,..,9.1,0.4,1.8,29.5,8,..
Germany,2011,2011,18-49,80.3,80.2,6.2,4,12.3,0.3,1,42.3,11.5,..
Germany,2018,2018,18-49,67,..,..,..,..,..,..,..,..,..
Ghana,1979,1980,15-49,9.5,5.5,0.5,0,0.3,..,0.1,2.4,0.6,..
Ghana,1988,1988,15-49,12.9,5.2,1,..,0.5,..,0.3,1.8,0.3,..
Ghana,1991,1992,15-49,10.5,7.2,0.2,0,0.8,..,0.9,3.4,1.2,..
Ghana,1993,1994,15-49,20.3,10.1,0.9,..,0.9,0,1.6,3.2,2.2,..
Ghana,1998,1999,15-49,22,13.3,1.3,0,0.7,0.1,3.1,3.9,2.7,..
Ghana,1998,1999,15-49,15,10.6,0.3,..,0.3,..,2.5,5.4,1.9,..
Ghana,2003,2003,15-49,25.2,18.7,1.9,..,0.9,1,5.4,5.5,3.1,0.1
Ghana,2005,2006,15-49,24.2,16.7,0.1,..,0.3,0.3,5.2,5.9,3.5,0.2
Ghana,2006,2006,15-49,16.6,14,0.4,..,0.3,0.6,5.8,4.7,1.5,0.1
Ghana,2008,2008,15-49,23.5,16.6,1.6,..,0.2,0.9,6.2,4.7,2.4,0.1
Ghana,2011,2011,15-49,34.7,24.9,1.5,0,0.6,1.8,8.8,7.7,2.6,0
Ghana,2013,2013,15-49,19.8,18.2,0.3,..,0.4,2.2,7.1,5.6,1.6,0.1
Ghana,2014,2014,15-49,19.6,17.6,0.3,0,0.4,3.2,7.2,4.3,0.8,0
Ghana,2014,2014,15-49,25.6,20.8,0.7,..,0.4,3.7,8.2,4,1.1,0.2
Ghana,2014,2014,15-49,26.7,22.2,1.9,..,0.8,5.2,8,4.7,1.2,0
Ghana,2015,2015,15-49,34.7,28.6,0.8,..,0.7,5.4,12.9,4.6,1.7,0.1
Ghana,2016,2016,15-49,30.6,25.6,0.8,..,0.5,6.6,8.1,4.8,2.4,0.3
Ghana,2017,2018,15-49,27.2,24.3,1.7,0,1.1,5.5,10.1,5.2,0.4,0
Ghana,2017,2017,15-49,30.8,25,1.9,0,0.8,7.4,8.2,4.3,1.1,0
Ghana,2017,2017,15-49,33,27.4,1.5,..,0.6,8.4,7.8,4.8,1.7,..
Ghana,2022,2022,15-49,36.3,27.8,3,..,0.6,7.9,7.9,4.1,1.4,..
Kiribati,2000,2000,15-49,36.1,31.1,1.4,1,0.9,6.3,14.4,6.5,0.4,..
Kiribati,2008,2008,15-49,20,..,..,..,..,..,..,..,..,..
Kiribati,2009,2009,15-49,22.3,18,4,0.5,0.6,3.2,7.6,1.3,0.4,0
Kiribati,2018,2019,15-49,33.5,27.2,6.7,0.2,0.6,10.4,7.7,0.9,0.5,0
Greece,1983,1983,15-44,77.2,31.6,0.8,0,2,..,..,1.2,27.4,..
Greece,1999,1999,20-49,61.3,33.6,5.8,0,3.6,..,..,2.2,22,..
Greece,2001,2001,16-45,76.2,45.9,..,..,3.6,..,..,4.8,33.9,..
Grenada,1985,1985,15-44,31,27.3,2.2,..,2.6,..,2.9,7.8,8,..
Grenada,1990,1990,15-44,54.3,52.1,..,..,3,..,9,15.2,21.9,..
Guadeloupe,1976,1976,15-49,29.4,21.1,8,..,2.4,..,..,6.6,3.7,..
Guadeloupe,2020,2021,18-44,79,72,..,..,11,5,..,43,13,..
Guam,2002,2002,18-44,66.6,58.3,18.2,3.9,0.7,0,4.6,24,6.9,..
Guatemala,1977,1978,15-44,18.1,15.2,5.9,0.4,1.3,..,1.1,5.4,0.7,..
Guatemala,1983,1983,15-44,25,20.6,10.2,0.9,2.6,..,0,4.7,1.2,..
Guatemala,1987,1987,15-44,23.2,19.1,10.4,0.9,1.8,..,0.5,3.9,1.2,..
Guatemala,1995,1995,15-49,31.4,26.9,14.3,1.5,2.6,..,2.5,3.8,2.2,..
Guatemala,1998,1999,15-49,38.2,30.9,16.7,0.8,2.2,..,3.9,5,2.3,..
Guatemala,2002,2002,15-49,43.3,34.5,16.8,1,1.9,0.1,9,3.4,2.3,..
Guatemala,2008,2009,15-49,54.1,44,18.9,0.8,1.3,..,14.7,3.6,3.6,..
Guatemala,2014,2015,15-49,60.6,48.9,21,0.6,1.5,1.9,16.6,3.3,3.8,..
Guinea,1992,1992,15-49,1.7,1,..,..,..,..,..,0.5,0.1,..
Guinea,1999,1999,15-49,6.2,4.2,..,..,0.2,..,1,2.1,0.6,..
Guinea,2005,2005,15-49,9.1,5.7,0.2,..,0.1,..,1,1.6,1.1,..
Guinea,2012,2012,15-49,5.6,4.6,0.1,..,0.2,0.1,1.3,1.2,0.5,0
Guinea,2016,2016,15-49,8.7,7.8,..,..,..,0.5,2.2,1.7,..,..
Guinea,2018,2018,15-49,10.9,10.3,0.2,0,0.5,1.8,1.9,1.8,0.4,..
Guyana,1975,1975,15-49,29.5,23.4,8.5,0,5.6,..,0,9,0,..
Guyana,1991,1992,15-44,38.2,36.9,6.3,..,8.8,..,1.9,12.8,5.4,..
Guyana,2000,2000,15-49,37.3,36.3,4.5,0.1,6.3,1,3.7,11.2,8.8,0.1
Guyana,2005,2005,15-49,34.6,33.6,3,..,7.6,0.1,3.8,12.2,6.1,..
Guyana,2006,2007,15-49,34.2,33,1.7,0,5.5,2.7,3.6,12.8,5.8,0.1
Guyana,2009,2009,15-49,42.5,40,5.3,..,7.3,0.2,4.8,9.2,12.9,..
Guyana,2014,2014,15-49,33.9,32.5,3.3,0.1,5.8,1,4.9,7.7,9,0.7
Guyana,2019,2020,15-49,29.9,28.6,3.1,0,4.7,3.2,4.9,6.1,5.8,0.3
Haiti,1977,1977,15-50,18.9,5.4,0.2,0.2,0.5,..,..,3.3,1.1,..
Haiti,1983,1983,15-49,6.9,3.9,0.7,0.1,0.2,..,0.2,2.2,0.5,..
Haiti,1987,1987,15-49,6.7,5,1.3,0,0.4,..,0.8,2.3,0.2,..
Haiti,1989,1989,15-49,10.2,9.4,2.5,..,0.6,..,1.6,4.1,0.5,..
Haiti,1994,1995,15-49,18,13.2,3.1,..,..,1.2,2.7,3.1,2.6,..
Haiti,2000,2000,15-49,28.1,22.9,2.8,..,..,2,11.8,2.3,2.9,..
Haiti,2005,2006,15-49,32,24.8,2.1,..,..,1.6,11,3.3,5.3,..
Haiti,2012,2012,15-49,34.5,31.3,1.5,0.1,0.1,1.9,19.4,2.8,5.1,..
Haiti,2016,2017,15-49,34.3,31.8,1.2,0.2,0.1,2.5,20.8,2.4,4,..
Honduras,1981,1981,15-49,26.9,23.6,8,0.2,2.4,..,0.3,11.7,0.3,..
Honduras,1984,1984,15-44,34.9,30.4,12.1,0.2,3.8,..,0.3,12.7,0.9,..
Honduras,1987,1987,15-44,40.6,32.9,12.6,0.2,4.3,..,0.3,13.4,1.8,..
Honduras,1991,1992,15-44,46.7,34.7,15.6,0.2,5.1,..,0.5,10.1,2.9,..
Honduras,1996,1996,15-49,49.2,40.3,18.9,0.1,7.9,..,1,9.1,3.1,..
Honduras,2001,2001,15-49,61.6,50.9,19.8,0.2,8.9,..,8.9,9.8,3.2,..
Honduras,2005,2006,15-49,65.2,56.3,21.2,0.3,6.6,..,13.8,11.3,2.9,..
Honduras,2011,2012,15-49,73.2,63.8,22.3,0.3,6.8,..,18.1,11.9,4.3,..
Honduras,2019,2019,15-49,69.4,66.5,22.4,0.2,6,3.2,19.8,11,3.7,0
"China, Hong Kong SAR",1967,1967,15-45,42,..,..,..,..,..,..,..,..,..
"China, Hong Kong SAR",1972,1972,15-49,49.6,43.3,..,..,5,..,1.5,17.9,3.5,..
"China, Hong Kong SAR",1977,1977,15-49,71.9,64,..,..,2.9,..,2.2,23,12.9,..
"China, Hong Kong SAR",1982,1982,15-49,72.3,63.9,19.9,1.2,3.5,..,2.7,19.4,14.6,..
"China, Hong Kong SAR",1987,1987,15-49,80.8,75,22.9,0.9,4.5,..,2.5,16.4,26,..
"China, Hong Kong SAR",1992,1992,15-49,86.2,79.7,18.9,0.9,5.1,..,1.7,17.1,34.5,..
"China, Hong Kong SAR",1997,1997,15-49,86,80.9,19.7,0.7,5.1,..,2.3,14,38.2,..
"China, Hong Kong SAR",2002,2002,15-49,86.2,81.3,14.5,0.5,9,..,1.6,8.1,47.2,..
"China, Hong Kong SAR",2007,2007,15-49,79.5,75.4,7.1,0.6,9.3,..,1.2,6.7,50.3,..
"China, Hong Kong SAR",2012,2012,15-49,74.8,71.9,3.5,0.2,6.4,0,1.6,8.1,52.1,..
"China, Hong Kong SAR",2017,2017,15-49,66.7,64.5,1.9,0.2,4.1,0,0.8,4.2,53,0.3
Hungary,1958,1958,<35,58,18,..,..,..,..,..,..,12,..
Hungary,1965,1966,15-39,66.6,18.5,..,..,0.1,..,..,0.1,11.6,..
Hungary,1969,1969,<35,67,31,..,..,1,..,..,17,9,..
Hungary,1972,1972,<35,73,40,..,..,4,..,..,26,7,..
Hungary,1974,1974,<35,74,44,..,..,6,..,..,27,7,..
Hungary,1975,1975,<35,76,52,..,..,8,..,..,36,6,..
Hungary,1977,1977,15-39,73.1,52.2,..,..,9.6,..,..,36.1,4.3,..
Hungary,1986,1986,15-39,73.1,62.3,0,0,18.6,..,..,39.3,3.5,..
Hungary,1992,1993,18-41,80.6,71.3,5,..,18.2,..,0,39.4,8.1,..
Hungary,2008,2009,25-49,61.6,54,..,..,14.5,..,0.8,15.7,21.1,..
India,1970,1971,15-44,13.6,9.5,2.6,3.5,0.7,..,..,0.3,2.5,..
India,1980,1981,15+,35.3,28.1,..,..,0.5,..,..,1,4.2,..
India,1988,1988,15-44,44.9,39.9,..,..,1.9,..,..,1.4,5.3,..
India,1992,1993,15-49,40.7,36.5,27.4,3.5,1.9,..,0,1.2,2.4,..
India,1998,1999,15-49,48.2,42.8,34.2,1.9,1.6,..,..,2.1,3.1,..
India,2000,2000,15-49,46.9,42.3,34.2,..,..,..,..,..,..,..
India,2002,2004,15-44,53,45.7,34.3,0.9,1.9,..,..,3.5,4.8,..
India,2004,2005,15-49,54.4,..,..,..,..,..,..,..,..,..
India,2005,2006,15-49,56.3,48.5,37.3,1,1.7,..,0.1,3.1,5.2,..
India,2007,2008,15-49,54.8,48.1,35.8,1.1,1.8,..,..,3.6,5.5,..
India,2015,2016,15-49,53.5,47.8,36,0.3,1.5,..,..,4.1,5.6,..
India,2019,2021,15-49,69.3,58.5,36.3,0.2,2.7,..,0.4,4.3,13.6,0
Indonesia,1973,1973,15-49,8.6,7.2,0,0,3.4,..,..,3.3,0.5,..
Indonesia,1976,1976,15-49,26.3,22.9,0.3,0,5.6,..,0.2,14.9,1.8,..
Indonesia,1979,1979,10-49,31.2,24.6,0.4,0.1,6.4,..,..,16.7,1,..
Indonesia,1985,1985,10-49,38.5,36.9,1.2,0.4,11.9,..,7.4,15.4,0.6,..
Indonesia,1987,1987,15-49,47.7,44,3.1,0.2,13.2,0.4,9.4,16.1,1.6,..
Indonesia,1991,1991,15-49,49.7,47.1,2.7,0.6,13.3,3.1,11.7,14.8,0.8,..
Indonesia,1993,1993,15-49,53.1,51.2,..,..,12.6,1.3,17.2,14.6,1.2,..
Indonesia,1994,1994,15-49,54.7,52.1,3.1,0.7,10.3,4.9,15.2,17.1,0.9,..
Indonesia,1995,1995,15-49,54.2,52.5,..,..,11.4,1.4,19,15.8,0.8,..
Indonesia,1996,1996,15-49,54.2,52.6,..,..,10.7,2.2,20.3,14.6,0.9,..
Indonesia,1997,1997,15-49,57.4,54.7,3,0.4,8.1,6,21.1,15.4,0.7,..
Indonesia,1998,1998,15-49,55.4,54.2,..,..,9.6,2.6,22.8,15.1,0.7,..
Indonesia,1999,1999,15-49,55.4,54.3,..,..,9.5,2.2,22.1,16.1,0.6,..
Indonesia,2000,2000,15-49,54.8,53.8,..,..,9,2.4,23.3,14.7,0.4,..
Indonesia,2001,2001,15-49,52.5,51.8,..,..,5.9,4.7,24.9,13.7,0.2,..
Indonesia,2002,2003,15-49,60.3,56.7,3.7,0.4,6.2,4.3,27.8,13.2,0.9,..
Indonesia,2002,2002,15-49,54.2,..,..,..,..,..,..,..,..,..
Indonesia,2003,2003,15-49,54.5,..,..,..,..,..,..,..,..,..
Indonesia,2004,2004,15-49,56.7,..,..,..,..,..,..,..,..,..
Indonesia,2005,2005,15-49,57.2,57.1,2.2,0.2,5.3,1.7,32.2,14.2,0.4,..
Indonesia,2005,2005,15-49,57.9,57.5,2,0.6,5.2,2.7,33.1,13.5,0.3,..
Indonesia,2006,2006,15-49,57.9,56.5,0.9,0.5,3.8,2.8,31.4,16.8,0.3,0.1
Indonesia,2007,2008,15-49,61.4,57.4,3,0.2,4.9,2.8,31.8,13.2,1.3,..
Indonesia,2007,2007,15-49,57.4,56.1,1.2,0.5,3.6,2.9,31.6,15.8,0.4,0.1
Indonesia,2008,2008,15-49,56.6,55.2,1.2,0.4,3.5,2.9,31.6,15.2,0.4,0
Indonesia,2009,2009,15-49,60.6,58.8,1.2,0.5,3.5,3.4,33.3,16.4,0.5,0.1
Indonesia,2010,2010,15-49,61,59.5,1.2,0.3,3.4,3.7,34,16.3,0.5,0.1
Indonesia,2011,2011,15-49,61.3,59.4,1.2,0.3,3.2,3.7,34.8,15.7,0.5,0.1
Indonesia,2012,2012,15-49,61.9,57.9,3.2,0.2,3.9,3.3,31.9,13.6,1.8,..
Indonesia,2012,2012,15-49,62.4,60.6,1.2,0.2,3.5,4.1,35.7,15.3,0.5,0.1
Indonesia,2013,2013,15-49,62,60.9,1.7,0.3,4.2,3.4,37.1,13.8,0.4,0
Indonesia,2014,2014,15-49,61.6,60.5,1.7,0.4,4.2,3.5,36.7,13.4,0.6,0.1
Indonesia,2015,2015,15-49,61.5,60.7,..,..,..,..,..,..,..,..
Indonesia,2015,2015,15-49,61.1,59.5,..,..,4.8,4.7,31.3,13.4,..,..
Indonesia,2015,2015,15-49,60,59.1,1.9,0.2,4.4,3.7,35.8,12.4,0.6,0.1
Indonesia,2016,2017,15-49,61,58.8,3.7,0.1,4.4,5.2,31.5,12.4,1.4,0
Indonesia,2016,2016,15-49,59.4,58.2,2.1,0.2,4.4,3.8,34.9,12.3,0.6,..
Indonesia,2017,2017,15-49,63.6,57.2,3.8,0.2,4.7,4.7,29,12.1,2.5,..
Indonesia,2017,2017,15-49,55.3,54.1,2.2,0.2,4.2,3.9,31.4,11.4,0.7,0
Indonesia,2018,2018,15-49,55.5,54.2,1.9,0.3,4.2,4.2,28.9,10.5,3.9,0
Indonesia,2019,2019,15-49,52.5,51.3,2.3,0.2,4.5,4.3,29,10.1,0.7,0.1
Indonesia,2020,2020,15-49,52.7,51.5,2.3,0.2,4.6,4.4,28.7,10,0.8,0
Indonesia,2021,2021,15-49,51.9,50.8,2.1,0.2,4.3,4.7,28.6,10.1,0.7,0
Indonesia,2021,2021,10-49,57.4,57,2.4,0.1,4.6,5.7,34.2,9,1,..
Indonesia,2022,2022,15-49,52.4,51.5,2,0.1,4.4,5,29.3,9.5,1.1,0
Indonesia,2023,2023,15-49,52.6,51.6,1.8,0.1,4.7,5.7,28,9.9,1.3,0
Iran (Islamic Republic of),1976,1977,15-49,36,25.9,0,0,1.4,..,..,17.3,4,..
Iran (Islamic Republic of),1989,1989,15-49,48.9,30.5,0,0,3.7,..,..,18.1,5.7,..
Iran (Islamic Republic of),1992,1992,15-49,64.6,44.6,7.6,0.9,7.1,..,..,22.6,6.4,..
Iran (Islamic Republic of),1993,1993,15-49,67.8,49.2,9.2,1,7.2,..,..,24.5,6.7,..
Iran (Islamic Republic of),1994,1994,15-49,70,51.1,11.1,1.2,7.8,0,0.5,22,6.6,..
Iran (Islamic Republic of),1995,1995,15-49,72.8,53.6,13.7,1.3,7.1,0,1.3,22.8,5.7,..
Iran (Islamic Republic of),1996,1996,15-49,73.7,56.1,15,1.6,8.3,0,2.5,21.9,5.6,..
Iran (Islamic Republic of),1997,1997,15-49,72.9,56,15.5,1.9,8.3,0.5,2.9,20.9,5.4,..
Iran (Islamic Republic of),2000,2000,15-49,73.8,56,17.1,2.7,8.5,0.5,2.8,18.4,5.9,..
Iran (Islamic Republic of),2002,2002,15-49,73.3,58.9,15.2,2.3,7.6,0.4,2.3,25.1,6,..
Iran (Islamic Republic of),2010,2011,15-49,77.4,57,14.2,2.8,8.1,0,3.5,15.1,13.8,..
Iraq,1974,1974,15-49,14.5,12.9,0.6,0,0.6,..,0.6,8.7,1.4,..
Iraq,1989,1989,15-49,13.7,10.4,1.4,0,2.8,..,0.5,4.7,1,..
Iraq,2000,2000,15-49,43.5,25.4,3.4,0.1,10.7,..,1.3,9.2,0.7,0
Iraq,2006,2006,15-49,49.8,32.8,2.6,..,12.2,..,2,14.6,1.1,..
Iraq,2011,2011,15-49,52.5,33.8,3.1,..,9.4,0.1,3.1,15.8,1.8,0.1
Iraq,2018,2018,15-49,52.8,36.1,3,0.1,8.8,0.2,3.9,16,3.2,0.1
Ireland,1998,1998,18-50,77,67.6,..,..,1.9,..,..,33.2,31.2,..
Ireland,2002,2002,18-50,75,66,..,..,4.5,..,..,31.4,28.1,..
Ireland,2003,2004,18-49,76.2,69.9,..,..,8.6,..,..,22.9,23,..
Ireland,2004,2005,18-49,64.8,61.4,..,..,8.4,..,..,17.2,23.3,..
Ireland,2010,2010,18-45,73.3,70.9,..,..,14.5,..,..,26,17.1,..
Israel,1987,1988,18-39,68,51.9,..,..,30,..,..,13,4,..
Italy,1979,1979,18-44,78,32.7,0.8,0,2.3,..,..,14,13.3,..
Italy,1995,1996,20-49,62.7,40.6,6,0.1,5.8,..,..,14.2,14.2,..
Italy,2013,2013,18-49,65.1,51.8,..,..,4.8,..,..,20.3,20.9,..
Côte d'Ivoire,1980,1981,15-49,2.9,0.5,..,..,0.1,..,..,0.4,0,..
Côte d'Ivoire,1994,1994,15-49,11.4,4.3,..,..,..,..,0.8,2.2,0.7,..
Côte d'Ivoire,1998,1999,15-49,15,7.3,0.1,..,0.4,..,1.4,3.5,1.8,..
Côte d'Ivoire,2006,2006,15-49,12.9,9.3,..,..,..,..,1.1,5.5,1,..
Côte d'Ivoire,2011,2012,15-49,18.2,12.5,0.1,..,0.1,0.2,2.4,7.1,1.8,0
Côte d'Ivoire,2016,2016,15-49,15.5,14.3,0.2,0.1,0.1,1.1,5.2,6.3,..,..
Côte d'Ivoire,2017,2017,15-49,23.6,18.9,0.2,0,0.4,2.5,5.6,6.3,2.8,0
Côte d'Ivoire,2018,2018,15-49,23.3,19.6,..,..,0.2,3,7.9,6.1,1.3,..
Côte d'Ivoire,2020,2020,15-49,27.8,21.8,..,..,0.7,5.1,6.4,6.7,2.1,..
Côte d'Ivoire,2021,2021,15-49,21,17.9,0.1,0,0.3,5.6,4.8,4.9,1.7,0
Côte d'Ivoire,2021,2021,15-49,33.4,25.9,0,..,0.9,6,7.9,7.8,2.8,..
Côte d'Ivoire,2022,2022,15-49,34.7,26.6,..,..,0.5,6.2,8.2,8.1,..,..
Jamaica,1975,1976,15-49,38.3,36.2,8.1,0,2,..,6.2,11.9,6.6,..
Jamaica,1979,1979,15-44,54.9,54.2,9.8,0,2,..,11.4,23.8,6.5,..
Jamaica,1983,1983,15-49,51.4,48.4,10.9,..,..,..,7.6,19.3,7.6,..
Jamaica,1989,1989,15-49,54.6,50.9,13.6,..,..,..,7.6,19.5,8.6,..
Jamaica,1993,1993,15-44,62,58.3,12.5,..,..,0.1,6.2,21.5,16.9,..
Jamaica,1997,1997,15-49,65.9,62.6,12.3,..,..,0.1,10.9,21.2,17,..
Jamaica,2002,2003,15-49,69,66.2,12,0,1,0,11,18,24,..
Jamaica,2008,2009,15-49,72.5,68.4,10,0,1,0.7,13.8,17.3,25.3,..
Jamaica,2021,2022,15-49,60.6,53.2,6,..,2.4,1.6,11.2,10.5,20.5,..
Japan,1950,1950,15-49,19.5,14.2,..,..,..,..,..,..,6.9,..
Japan,1952,1952,15-49,26.6,23.5,..,..,..,..,..,..,14.8,..
Japan,1952,1952,20-49,21.7,..,..,..,..,..,..,..,..,..
Japan,1954,1954,20-49,33.2,..,..,..,..,..,..,..,..,..
Japan,1955,1955,15-49,34.1,30.2,..,..,..,..,..,..,19.4,..
Japan,1957,1957,15-49,39,36.1,2.4,0.4,..,..,..,..,22,..
Japan,1959,1959,15-49,42.7,40.2,2.3,0.4,..,..,..,..,24.9,..
Japan,1961,1961,15-49,42,39.2,..,..,..,..,..,..,25.4,..
Japan,1963,1963,15-49,44.6,43.8,..,..,2,..,..,..,29.4,..
Japan,1965,1965,15-49,55.5,54.1,..,..,2.4,..,..,..,36.4,..
Japan,1967,1967,15-49,53,49.1,..,..,3.2,..,..,..,34.6,..
Japan,1969,1969,15-49,52.1,52.1,..,..,3.8,..,..,0.9,35.5,..
Japan,1971,1971,15-49,52.6,52.6,..,..,4.3,..,..,0.8,38.2,..
Japan,1973,1973,15-49,59.3,59.3,..,..,5.3,..,..,1.4,44.5,..
Japan,1975,1975,15-49,60.5,60.5,..,..,5.2,..,..,1.8,47.1,..
Japan,1977,1977,15-49,60.4,60.4,2.4,0.8,5.5,..,..,2,47.7,..
Japan,1979,1979,15-49,62.2,62.2,1.8,0.7,5.2,..,..,2,50.4,..
Japan,1984,1984,15-49,57.3,57.3,..,..,3.6,..,..,1.3,46.1,..
Japan,1986,1986,15-49,62.8,62.7,3.8,1,4.2,..,..,1.2,51,..
Japan,1987,1987,20-49,64.5,56.6,3.5,1,3,..,..,0.9,48.1,..
Japan,1988,1988,15-49,56.3,51.7,3.3,0.9,3,..,..,1,43.2,..
Japan,1990,1990,15-49,57.9,52.5,4.3,1.4,2.7,..,..,0.6,42.8,..
Japan,1992,1992,15-49,64,57,3.2,0.8,3.1,..,..,0.8,48.2,..
Japan,1994,1994,15-49,58.6,52.8,3.4,0.7,2.2,..,..,0.4,45.5,..
Japan,1996,1996,15-49,56.6,50.6,3,0.7,2.2,..,..,0.7,43.7,..
Japan,1997,1997,20-49,60.4,50.7,2.3,0.7,1.6,..,..,0.5,45.6,..
Japan,1998,1998,15-49,54.1,48,2.5,0.6,1.7,..,..,0.6,42.1,..
Japan,2000,2000,15-49,55.9,48.3,3,0.6,1.5,..,..,0.8,42.1,..
Japan,2004,2004,15-49,52,44.4,..,..,..,..,..,..,41,..
Japan,2005,2005,20-49,54.3,44.4,1.5,0.4,0.9,..,..,1,40.7,..
Japan,2014,2014,20-44,54.7,39,..,..,..,..,..,..,..,..
Japan,2015,2015,20-49,39.8,33.1,1,0.1,0.4,..,..,0.9,30.8,..
Japan,2021,2021,20-49,58.3,52.8,..,..,..,..,..,..,..,..
Kazakhstan,1995,1995,15-49,59.1,46.1,..,..,39.6,..,..,1.8,3.7,..
Kazakhstan,1999,1999,15-49,66.1,54.3,2.8,0,42,..,0.6,2.4,4.5,..
Kazakhstan,2006,2006,15-49,50.7,49.4,0.5,0,36.2,0,0.3,6.7,4.8,0
Kazakhstan,2010,2011,15-49,51,49.8,1.2,0,33.5,0,0.3,7.1,7.2,0.1
Kazakhstan,2015,2015,15-49,55.7,53.6,1.7,0,31.9,0,0.1,6.1,12.5,0.1
Kazakhstan,2018,2018,18-49,53,50.1,1.3,0,27.8,0.1,0.1,7.2,12.9,..
Jordan,1972,1972,15-49,26.1,17.6,..,..,1,..,..,14.1,1.1,..
Jordan,1976,1976,15-49,25.2,17.4,1.8,0.1,2,..,..,11.9,1.4,..
Jordan,1983,1983,15-49,26,20.8,3.8,0,8.3,..,0.2,7.8,0.6,..
Jordan,1990,1990,15-49,40,26.9,5.6,0,15.3,..,0,4.6,0.8,..
Jordan,1997,1997,15-49,52.6,37.7,4.2,..,23.1,0.1,0.7,6.5,2.4,..
Jordan,2002,2002,15-49,55.8,41.2,2.9,..,23.6,..,0.9,7.5,3.4,..
Jordan,2007,2007,15-49,57.1,41.9,3.7,..,22.3,..,0.7,8.4,5.3,..
Jordan,2009,2009,15-49,59.3,42,2.6,0,22.6,0.1,0.7,8.2,6.3,0.1
Jordan,2012,2012,15-49,61.2,42.3,2.2,..,21.3,0.3,0.9,8.1,7.9,..
Jordan,2017,2018,15-49,51.8,37.4,1.5,..,20.8,0.3,0.8,7.8,5.1,..
Jordan,2023,2023,15-49,60.1,38.4,2.3,..,19.9,0.7,0.9,8.2,5.9,..
Kenya,1977,1978,15-50,7,4.4,1,0,0.7,..,0.6,2,0.1,..
Kenya,1984,1984,15-49,17,9.7,2.6,0,3,..,0.5,3.1,0.3,..
Kenya,1988,1989,15-49,26.9,17.9,4.7,..,3.7,..,3.3,5.2,0.5,..
Kenya,1993,1993,15-49,32.7,27.3,5.5,..,4.2,0,7.2,9.5,0.8,..
Kenya,1998,1998,15-49,39,31.5,6.2,..,2.7,0.8,11.8,8.5,1.3,..
Kenya,2003,2003,15-49,39.3,31.5,4.3,..,2.4,1.7,14.3,7.5,1.2,..
Kenya,2008,2009,15-49,45.5,39.4,4.8,..,1.6,1.9,21.6,7.2,1.8,0
Kenya,2014,2014,15-49,55.5,55.1,1.6,..,3.5,10.9,29.2,7.2,1.8,0
Kenya,2014,2014,15-49,58,53.2,3.2,0,3.4,9.9,26.4,8,2.2,0
Kenya,2014,2014,15-49,58.2,56.5,3,0,3.4,10.8,27.9,8.7,1.9,0
Kenya,2015,2015,15-49,62.5,59.6,2.6,..,4,13.7,28.1,9.1,1.7,..
Kenya,2015,2015,15-49,66.3,62.6,2.7,..,4.8,16.1,29.2,7.6,1.2,0
Kenya,2016,2016,15-49,61.6,59.9,3,0,3.5,18.1,27.6,5.1,1.8,0.1
Kenya,2017,2017,15-49,60.5,58.7,2.4,0.1,1.7,20.7,27,4.9,1.2,0
Kenya,2018,2018,15-49,62.8,60.7,2.7,..,3,22.9,25.9,4.6,1.1,..
Kenya,2019,2019,15-49,59.7,56.4,2.9,..,2.4,23.2,21.1,4.4,1.5,..
Kenya,2020,2020,15-49,64.6,60.1,2.9,0,2.1,22.3,24.8,4.9,2.1,0
Kenya,2021,2021,15-49,64.7,60.8,3,..,2.2,23.7,23.8,5,1.5,0
Kenya,2022,2022,15-50,62.5,56.9,2.3,0,4.4,18.5,19.9,8.1,1.8,0
Democratic People's Republic of Korea,1990,1992,15-49,61.9,53,4.1,0.3,48.5,0,0,0.1,0,..
Democratic People's Republic of Korea,1997,1997,20-49,67.3,55.8,..,..,49.5,..,..,1.3,0.9,..
Democratic People's Republic of Korea,2002,2002,20-49,68.6,58.2,4.4,0.8,42.8,0,0,3.7,5.8,..
Democratic People's Republic of Korea,2004,2004,20-49,67.6,56.3,4.5,0.3,46.2,..,..,2.2,2.4,..
Democratic People's Republic of Korea,2006,2006,18-49,69.1,58.5,4.2,0.2,48,..,..,2.3,2.5,..
Democratic People's Republic of Korea,2010,2010,20-49,70.6,65.3,3.2,0,61.5,0,0.2,0.2,0.2,..
Democratic People's Republic of Korea,2014,2014,20-49,78.2,76.5,2.2,0,74,..,0,0.1,0.2,..
Democratic People's Republic of Korea,2017,2017,15-49,70.2,68.8,1.3,0,65.4,0,0.2,0.3,0.2,0.6
Republic of Korea,1965,1965,15-44,16,14,0,1,4,..,..,1,8,..
Republic of Korea,1966,1966,15-44,20,15,..,..,9,..,..,1,3,..
Republic of Korea,1971,1971,15-44,24.5,20.3,1,2.3,7,..,..,6.8,3.2,..
Republic of Korea,1974,1974,15-49,34.9,27,1.7,3.3,8,..,0.2,8.4,5.1,..
Republic of Korea,1976,1976,15-44,44.2,32.9,4.1,4.2,10.5,..,..,7.8,6.3,..
Republic of Korea,1979,1979,15-44,54.5,43.1,14.5,5.9,9.6,..,..,7.2,5.2,..
Republic of Korea,1982,1982,15-44,57.7,47.4,22.9,5.1,6.7,..,..,5.4,7.2,..
Republic of Korea,1985,1985,15-44,70.4,59.4,31.6,8.9,7.4,..,..,4.3,7.2,..
Republic of Korea,1988,1988,15-44,77.1,70.1,37.2,11,6.7,..,..,2.8,10.2,..
Republic of Korea,1991,1991,15-44,79.4,69.5,35.3,12,9,..,..,3,10.2,..
Republic of Korea,1994,1994,15-44,77.4,66.8,28.6,11.6,10.5,..,..,1.8,14.3,..
Republic of Korea,1997,1997,15-44,80.5,73.7,24.1,12.7,13.2,..,..,1.8,15.1,..
Republic of Korea,2000,2000,15-44,79.3,71.4,18.3,13,13.7,..,..,2.1,16.5,..
Republic of Korea,2003,2003,15-44,84.5,71.2,15.6,15.7,16.1,..,..,2,8.5,..
Republic of Korea,2005,2005,20-44,80.2,..,..,..,..,..,..,..,..,..
Republic of Korea,2006,2006,15-44,79.6,72.9,11.3,19.7,15,..,..,1.1,19.2,..
Republic of Korea,2009,2009,15-44,80,66.4,5.9,16.8,12.8,..,..,2,24.3,..
Republic of Korea,2012,2012,20-44,77.1,..,..,..,..,..,..,..,..,..
Republic of Korea,2015,2015,20-49,79.6,..,..,..,..,..,..,..,..,..
Republic of Korea,2018,2018,20-49,82.3,..,..,..,..,..,..,..,..,..
Republic of Korea,2021,2021,19-49,84.2,67.6,..,..,..,..,..,..,..,..
Kosovo,2013,2014,15-49,65.8,13.7,0.6,0.1,4.6,0,0.2,2.7,5.3,0
Kosovo,2019,2020,15-49,66.7,9.4,1,0.1,3.1,0,0.2,2.2,2.8,0
Kuwait,1984,1985,15-49,39,37.3,1.6,..,4.9,..,..,30.8,..,..
Kuwait,1987,1987,15-49,34.6,31.7,2,..,3.7,..,..,24,1.5,..
Kuwait,1994,1994,<50,49.8,47.4,0.5,..,8,..,..,37.4,1.5,..
Kuwait,1996,1996,15-49,50.2,40.9,2.1,..,6.8,..,0,28.8,2.9,..
Kuwait,1999,1999,15-49,52,39.3,4.1,..,8.8,..,..,23.4,2.9,..
Kyrgyzstan,1997,1997,15-49,59.5,48.9,1.8,..,38.2,..,1.3,1.7,5.7,..
Kyrgyzstan,2005,2006,15-49,47.8,45.8,0.9,..,32,0,1.2,5.1,5.8,0.1
Kyrgyzstan,2012,2012,15-49,36.3,33.7,1.6,..,22.1,..,0.5,1.5,7.7,..
Kyrgyzstan,2014,2014,15-49,42,40,1.3,0,22.4,0,0.2,4.1,10.4,0
Kyrgyzstan,2018,2018,15-49,39.4,37.8,1.2,0.2,19.9,..,0.3,2.9,13.2,0
Lao People's Democratic Republic,1993,1993,15-49,18.6,15.1,5.1,0,1.2,0.1,2.1,6.4,0.1,..
Lao People's Democratic Republic,1994,1995,15-49,20,..,..,..,..,..,..,..,..,..
Lao People's Democratic Republic,2000,2000,15-49,32.2,28.9,4.7,0,3,0.1,7.6,12.9,0.5,..
Lao People's Democratic Republic,2005,2005,15-49,38.4,35,4.7,0,2.9,0,10.6,15.9,0.8,..
Lao People's Democratic Republic,2011,2012,15-49,49.8,42.7,4.6,0,1.6,0.1,13.6,21.2,1.1,0
Lao People's Democratic Republic,2017,2017,15-49,54.1,49,4.4,0,2.1,1.4,12.6,27.3,1.1,0.1
Lao People's Democratic Republic,2023,2023,15-49,53.1,..,..,..,..,..,..,..,..,..
Lebanon,1971,1971,15-49,53,23,1,0,1,0,0,14,7,0
Lebanon,1983,1984,15-49,68.8,30.7,5.8,0,9.4,..,0,11.6,2.1,..
Lebanon,1983,1984,15-49,61.7,46.7,5.2,0.1,10.3,..,0.1,24.2,4.2,..
Lebanon,1996,1996,15-49,61.1,37.2,4.2,0,17,..,0.1,10,5.6,..
Lebanon,2000,2000,15-49,62.7,40.4,..,..,..,..,..,..,..,..
Lebanon,2004,2004,15-49,58,34.2,3.1,..,13.8,..,0,12.7,4.3,0
Lebanon,2009,2009,15-49,54.5,46.8,0.7,0,17.4,..,..,22.2,4.3,..
Lesotho,1977,1977,15-49,7.2,3.4,1.1,0,0.2,..,0.3,1.6,0.2,..
Lesotho,1991,1992,15-49,23.2,18.9,1.4,0,2.8,0,6.3,7.2,1.2,..
Lesotho,1995,1995,15-49,29.1,26.8,..,..,3,..,11.9,8.1,2.8,..
Lesotho,2000,2000,15-49,30.4,29.5,1.3,0.1,2.6,0.1,13.9,9.4,1.8,0
Lesotho,2001,2001,12-49,40.6,36.1,0.3,0,2.9,0.1,14.7,11.5,6.5,..
Lesotho,2002,2002,12-49,38,34.7,1,0,4.3,0.1,12,10.9,10.2,0.4
Lesotho,2004,2005,15-49,37.3,35.2,2.7,..,2.1,..,14.7,10.9,4.8,0
Lesotho,2009,2010,15-49,47,45.6,2.4,..,1.9,0.1,19.3,12.5,9.4,0.1
Lesotho,2011,2011,12-49,63.4,..,..,..,..,..,..,..,..,..
Lesotho,2014,2014,15-49,60.2,59.8,1.7,0.1,1.3,1.4,24,14.2,16.9,0.2
Lesotho,2018,2018,15-49,64.9,64.6,1.7,0.4,2,5.9,27.6,17.4,9.1,0.3
Latvia,1995,1995,18-49,67.8,55.5,..,2.1,28,..,0.1,11.3,13.6,..
Liberia,1986,1986,15-49,6.4,5.5,1.1,0,0.6,..,0.3,3.3,0,..
Liberia,2006,2007,15-49,11.4,10.3,0.6,..,0.2,..,4.1,3.8,1.6,..
Liberia,2013,2013,15-49,20.2,19.1,0.3,..,..,2.1,11.2,5,0.4,..
Liberia,2016,2016,15-49,31.2,30.2,0.9,..,0.3,3.5,18.9,4.9,1.3,..
Liberia,2019,2020,15-49,24.9,23.8,0.2,..,..,4.6,13.7,4.1,0.8,..
Libya,1995,1995,15-49,45.2,25.7,..,..,11.2,..,..,9.6,..,..
Libya,2003,2003,15-49,44.5,23.7,..,..,10.2,..,..,11.4,1.4,0.7
Libya,2007,2007,15-49,41.9,20.4,1.5,0,6.8,0,0.3,9.3,2.3,0.1
Libya,2014,2014,15-49,27.7,16.3,..,..,3.9,..,..,8.2,..,..
Lithuania,1994,1995,18-49,50.7,33.2,..,..,15.2,..,0.2,3.6,14.2,..
Lithuania,2006,2006,18-49,62.9,50.4,2.1,0.3,9.6,0.1,0,18,19.4,..
Lithuania,2009,2009,20-49,68.8,52.2,..,..,8.2,..,..,15.1,24.2,..
Madagascar,1992,1992,15-49,16.7,5.1,0.9,..,0.5,..,1.6,1.4,0.5,..
Madagascar,1997,1997,15-49,19.4,9.7,1,0,0.5,0.4,4.7,2.4,0.7,..
Madagascar,1999,1999,15-49,25,12.9,..,..,..,..,..,..,..,..
Madagascar,2000,2000,15-49,18.8,12.4,0.6,0,0.3,0.4,6.7,3.3,0.4,0
Madagascar,2003,2004,15-49,27.1,18.3,1.1,0,0.6,0.3,10.2,3.4,1,..
Madagascar,2008,2009,15-49,39.9,29.2,1.1,0.1,0.4,1.5,17.9,6,1.1,..
Madagascar,2012,2013,15-49,39.8,33.3,1.4,0,0.7,2.6,19.9,6.6,1,..
Madagascar,2017,2017,15-49,47.9,38.6,1.5,0.1,0.8,5.8,24.2,4.7,1.1,0
Madagascar,2018,2018,15-49,44.4,40.5,0.5,0.1,1.1,6.8,26.4,4.3,0.3,0
Madagascar,2021,2021,15-49,40.1,34.1,0.8,..,0.5,7.4,21.3,2.8,0.6,..
Malawi,1984,1984,15-49,6.9,3.2,..,..,0.3,..,0.1,0.7,0,..
Malawi,1992,1992,15-49,13,7.4,1.7,0,0.3,0,1.5,2.2,1.6,..
Malawi,1996,1996,15-49,21.9,14.4,2.5,..,0.4,0,6.4,3.4,1.6,..
Malawi,2000,2000,15-49,30.6,26.1,4.7,0.1,0.1,0.1,16.4,2.7,1.6,..
Malawi,2004,2005,15-49,32.5,28.1,5.8,..,0.1,0.5,18,2,1.8,..
Malawi,2006,2006,15-49,41,38.6,4.4,0.1,0.3,0.7,29,2.4,1.5,0
Malawi,2010,2010,15-49,46.1,42.2,9.7,0.1,0.3,1.3,25.8,2.5,2.4,0.1
Malawi,2013,2014,15-49,58.6,57.4,10.2,0.1,1,9.4,32.2,2.2,2,0.2
Malawi,2015,2016,15-49,59.2,58.1,10.9,0.1,1.1,11.5,30,2.4,1.9,0
Malawi,2019,2020,15-49,65.6,64.7,8.2,0.1,1.2,17.8,33.6,2.4,0.9,0.2
Malaysia,1966,1967,15-44,8.7,6.2,..,..,0.2,..,0,4,0.8,..
Malaysia,1974,1974,15-49,33,23.7,3.4,0.4,0.7,..,0.2,16.2,2.7,..
Malaysia,1984,1984,15-49,51.4,29.8,7.5,0.2,2.2,..,0.5,11.6,7.6,..
Malaysia,1988,1988,15-49,48.3,31.4,..,..,3.5,..,..,4.6,5.6,..
Malaysia,1994,1994,15-49,55.1,30.4,..,..,3.9,..,..,13.4,5.4,..
Malaysia,2004,2004,15-49,49,32.3,..,..,4.2,..,..,13.2,7.1,..
Malaysia,2014,2014,15-49,52.2,34.3,6.9,..,2.7,0.7,4.9,13.2,5.6,..
Malaysia,2022,2022,15-49,42.8,34.5,..,..,..,..,..,..,..,..
Maldives,1991,1991,15-49,29,19,4,0,1,0,2,10,2,..
Maldives,1999,1999,15-49,42,33,10,1,1,0,3,13,6,..
Maldives,2004,2004,15-49,39,34,7,1,2,0,3,13,9,..
Maldives,2009,2009,15-49,34.7,27,10.1,0.5,0.8,0.5,1.2,4.6,9.3,..
Maldives,2016,2017,15-49,18.8,14.7,4.4,0.1,0.4,0.3,0.8,2.2,6.5,..
Mali,1987,1987,15-49,4.7,1.3,0.1,..,0.1,..,0.1,0.9,0,..
Mali,1995,1996,15-49,6.7,4.5,0.3,..,0.3,..,0.2,3.1,0.4,..
Mali,2001,2001,15-49,8.1,6.9,0.3,..,0.2,0.1,2.1,2.8,0.3,0
Mali,2006,2006,15-49,8.2,6.9,0.3,..,0.1,0.1,2.5,2.9,0.4,..
Mali,2009,2010,15-49,9.4,8.8,..,..,0.1,0.4,3.8,3.4,0.1,..
Mali,2012,2013,15-49,10.3,9.9,0.1,0,0.4,2.5,4,2.7,0.1,0
Mali,2015,2015,15-49,15.6,15.1,0.3,0,0.2,4.4,6.4,3.7,0,0
Mali,2018,2018,15-49,17.2,16.4,0.4,..,1,6.7,5.8,2.2,0.1,0
Malta,1971,1971,20-45,87,16,1,1,0,..,..,2,12,..
Malta,1993,1993,20-45,85.8,46,2.2,2.2,2.9,..,..,15.8,21.9,..
Martinique,1976,1976,15-49,35.5,27.3,8.8,..,1.9,..,..,11.8,3,..
Martinique,2020,2021,18-44,87,79,..,..,20,5,..,40,14,..
Mauritania,1981,1981,15-49,0.8,0.3,0.2,0,0,..,0,0,0,..
Mauritania,1990,1991,15-49,4.1,1.2,0.1,0,0.3,..,0.1,0.5,0.1,..
Mauritania,2000,2001,15-49,8,5.4,..,..,0.8,..,0.9,2.6,0.8,..
Mauritania,2007,2007,15-49,9.3,8,0.1,0,0.3,0,1,5.7,0.4,0
Mauritania,2011,2011,15-49,11.4,10.1,0.2,0.2,0.9,1.3,0.9,6,0.4,0
Mauritania,2015,2015,15-49,17.8,15.6,0.1,..,0.3,0.8,3.6,10.7,0.2,..
Mauritania,2019,2021,15-49,14.3,12.8,..,..,..,2.1,3.2,6.9,0.5,0
Mauritius,1975,1975,<50,45.7,29.2,..,..,1.5,..,1.6,21,5.1,..
Mauritius,1985,1985,15-49,74.6,44.2,4.6,..,2.3,..,6.4,21,9.3,..
Mauritius,1991,1991,15-44,74.6,49.2,7.1,0.2,2.8,0,4.6,21,13.1,..
Mauritius,2002,2002,15-49,75.8,39.3,8.9,0.1,1.4,0.1,3.7,16,8.9,..
Mauritius,2014,2014,15-49,63.8,32,7.3,0,1.6,0.9,1.6,8.9,10.6,0.1
Mexico,1976,1977,15-49,30.3,23.3,2.7,0.2,5.7,..,1.7,10.8,0.8,..
Mexico,1978,1978,15-49,40,32.8,7,0.2,6.5,..,2.8,13.8,1,..
Mexico,1979,1979,15-49,37.8,32,8.9,0.2,6.1,..,2.5,12.5,..,..
Mexico,1982,1982,15-49,47.7,41.5,13.4,0.3,6.6,..,5.1,14.2,..,..
Mexico,1987,1987,15-49,52.7,44.6,18.6,0.8,10.2,..,2.8,9.7,1.9,..
Mexico,1992,1992,15-49,63.1,55.2,..,..,11.1,..,..,9.8,2.9,..
Mexico,1995,1995,15-49,66.5,57.5,27.3,0.6,14.6,..,3.1,8.4,..,..
Mexico,1997,1997,15-49,68.4,59.5,..,..,14.1,..,..,7.1,3.6,..
Mexico,2003,2003,15-49,74.5,69.3,..,..,14.3,..,..,6.1,5.8,..
Mexico,2006,2006,15-49,70.9,66.5,..,..,11.6,..,5,4.7,6.4,..
Mexico,2009,2009,15-49,72.5,67.4,36.3,2.2,..,..,..,..,..,..
Mexico,2014,2014,15-49,72.3,68.3,36.1,2.3,12,2.6,3.8,2.7,8.1,0
Mexico,2015,2015,15-49,66.9,64.6,32.9,1.2,13.1,4.2,4.1,3,5.9,0.2
Mexico,2018,2018,15-49,73.1,69.8,37.1,2.3,11.4,4.4,3.7,2.5,7.6,0.1
Mexico,2022,2022,15-49,60.1,58,17.9,1.9,7.7,3.9,2.8,1.6,20.5,0.4
Mexico,2023,2023,15-49,71.9,69.1,36.5,3,9,6.9,3.1,2.4,7.5,0
Mongolia,1996,1996,15-49,57.3,41.2,0.9,..,33.1,0.3,1.1,2.5,3.4,..
Mongolia,1998,1998,15-49,59.9,45.7,2.4,0,32.2,0.2,3.1,4.2,3.5,..
Mongolia,2000,2000,15-49,67.4,59.1,1.3,0.2,33.5,0.3,5.8,8.3,4.3,0.6
Mongolia,2003,2003,15-49,69,58.4,3,..,32.8,0.3,5.8,11,5.4,0.1
Mongolia,2005,2005,15-49,66,61.1,2.4,0.1,28.9,0.8,11.1,11.5,5.3,0.3
Mongolia,2008,2008,15-49,55.2,49.6,2.6,0,22.3,0.2,7.9,9.7,6.7,0
Mongolia,2010,2010,15-49,54.9,50.4,2.8,0.4,22.7,0.3,4.6,12.4,7,0
Mongolia,2013,2013,15-49,54.6,48.2,3.2,0,23.5,0.5,3.7,8.7,8.4,0.1
Mongolia,2018,2018,15-49,48.1,45.2,2.8,0.1,26.6,2.1,2,6.7,4.4,0.4
Republic of Moldova,1997,1997,15-44,73.7,49.9,3.4,..,38.4,..,..,2.1,5.9,..
Republic of Moldova,2000,2000,15-49,62.4,43.7,1.1,..,34.5,..,0,3.3,3.5,..
Republic of Moldova,2005,2005,15-49,67.8,43.9,4.7,0,25.2,..,..,3.6,7.4,..
Republic of Moldova,2012,2012,15-49,59.5,41.7,4.4,..,19.8,..,0,5.3,11.9,..
Republic of Moldova,2020,2020,15-49,56,43.9,4.3,0.1,11.3,0,0.2,6.9,19.5,0
Montenegro,1970,1970,15-44,49.5,7,..,..,0.4,..,..,3.5,3.1,..
Montenegro,2000,2000,15-49,52.7,30.7,..,..,7.6,..,..,6.8,13.6,..
Montenegro,2005,2006,15-49,39.4,17.4,0.1,..,9.7,..,..,2.4,4.3,0.1
Montenegro,2013,2013,15-49,23.3,15.4,0.1,..,5.6,..,..,2.7,6.9,..
Montenegro,2018,2018,15-49,20.7,11.6,0.7,0,3.1,0,..,1.6,6.1,0
Montserrat,1984,1984,15-44,52.6,52.2,..,..,11,..,3.2,30.6,3.4,..
Morocco,1979,1980,15-49,19.4,16.4,0.8,..,1.6,..,0,13.7,0.3,..
Morocco,1983,1984,15-49,25.5,21.2,1.7,0,2,0,0,16.8,0.4,..
Morocco,1987,1987,15-49,35.9,28.9,2.2,0,2.9,..,0.3,22.9,0.5,..
Morocco,1992,1992,15-49,41.5,35.5,3,..,3.2,..,0.1,28.1,0.9,..
Morocco,1995,1995,15-49,50.3,42.4,4.3,..,4.3,0.1,0.1,32.2,1.4,..
Morocco,1997,1997,15-49,58.4,48.8,3,..,5.3,0.1,0.7,38.3,1.2,..
Morocco,2003,2004,15-49,63,54.8,2.7,..,5.4,..,2.1,40.1,1.5,..
Morocco,2010,2011,15-49,67.4,58.6,..,..,4.2,..,..,48.4,..,..
Morocco,2018,2018,15-49,70.8,59.1,1,0,4.6,..,1,48.7,2.5,..
Mozambique,1997,1997,15-49,5.6,5.1,0.7,..,0.3,..,2.3,1.4,0.3,..
Mozambique,2003,2004,15-49,16.5,11.7,0.9,..,0.1,..,4.8,4.9,1.1,..
Mozambique,2008,2008,15-49,16.2,14.7,0.2,0,0.2,0,4.6,6.3,0.8,0
Mozambique,2009,2009,15-49,15,13.6,0.3,..,0.1,0.1,4.7,5.9,1.8,0.1
Mozambique,2011,2011,15-49,11.6,11.3,0.2,..,0.1,0,5.1,4.5,1.1,0.1
Mozambique,2015,2015,15-49,27.1,25.3,0.2,..,0.8,1.7,13.4,6.4,1.5,..
Mozambique,2022,2023,15-49,26.4,25.4,0.6,..,1,5.2,12.5,4.6,1.2,0
Oman,1988,1989,15-49,8.6,7.5,2.2,..,1.5,..,0.3,2.4,1.1,..
Oman,1995,1995,15-49,23.7,18.2,4.5,..,2.2,..,3.8,6.1,1.5,..
Oman,2000,2000,15-49,31.7,24.6,5.4,..,3.3,..,8,4.5,3.3,..
Oman,2007,2008,15-49,24.4,15.3,3.5,0,2.4,..,3.5,3.2,2.6,..
Oman,2014,2014,15-49,29.7,18.8,3.4,0.2,2.7,0.1,3.9,5.5,2,..
Namibia,1989,1989,<50,40.9,32.1,6.4,0.1,1.4,..,16,8.2,..,..
Namibia,1992,1992,15-49,28.9,26,7.4,0.2,2.1,..,7.7,8.3,0.3,..
Namibia,2000,2000,15-49,43.7,42.6,8.5,0.8,1.2,..,18.7,8.2,5.2,0.1
Namibia,2006,2007,15-49,55.1,53.5,10.3,0.4,1.4,0.2,21.8,8.6,10.6,0.1
Namibia,2013,2013,15-49,56.1,55.3,6.4,0.3,1.2,0.2,26.8,7,12,0.5
Nauru,2007,2007,15-49,35.6,25.1,13.3,0.2,3.8,..,2.3,0.6,2.8,..
Nepal,1976,1976,15-49,2.4,2.4,0.1,1.6,0.1,..,..,0.4,0.2,..
Nepal,1981,1981,15-49,6.8,6.8,2.3,2.9,0,..,0.1,1.1,0.4,..
Nepal,1985,1986,15-49,15.1,15.1,6.8,6.2,0.1,..,0.5,0.9,0.6,..
Nepal,1991,1992,15-49,24.1,24.1,12.1,7.5,0.2,0.3,2.3,1.1,0.6,..
Nepal,1996,1996,15-49,28.5,26,12.1,5.4,0.3,0.4,4.5,1.4,1.9,..
Nepal,2000,2000,15-49,37.3,37.1,14.5,7.7,0.1,0.3,10.6,2.4,1.4,..
Nepal,2001,2001,15-49,39.3,35.4,15,6.3,0.4,0.6,8.4,1.6,2.9,..
Nepal,2003,2004,15-49,38.3,37.9,12.6,7.6,..,..,..,..,2.9,..
Nepal,2006,2006,15-49,48,44.2,18,6.3,0.7,0.8,10.1,3.5,4.8,..
Nepal,2011,2011,15-49,49.7,43.2,15.2,7.8,1.3,1.2,9.2,4.1,4.3,..
Nepal,2014,2014,15-49,49.6,47.1,18,4.7,1.7,1.3,13,4.7,3.7,0
Nepal,2016,2017,15-49,52.6,42.8,14.7,5.5,1.4,3.3,8.9,4.6,4.2,..
Nepal,2019,2019,15-49,46.7,44.2,12.9,3.5,2.3,4.5,13.7,4.9,2.4,0
Nepal,2022,2022,15-49,43.7,32.7,10.5,2.7,1,4.6,7,3.4,3.5,..
Netherlands,1969,1969,See notes,59,41.6,..,..,0.6,..,..,26.6,13.6,..
Netherlands,1975,1975,See notes,75,69.1,2.3,2.3,4.5,..,..,49.5,10.5,..
Netherlands,1977,1977,16-49,73,65.2,..,..,4.3,..,0,40,8,..
Netherlands,1982,1982,18-37,76.9,73.9,8.2,10.8,9.8,..,..,..,6.9,..
Netherlands,1988,1988,18-37,76.2,72,4.4,11.1,7,..,..,..,8.2,..
Netherlands,1993,1993,18-42,78.5,75.6,4.8,10.5,3.6,..,..,49,7.7,..
Netherlands,1998,1998,18-45,75,74,7,10,3,..,..,..,7,..
Netherlands,2003,2003,18-45,75,73,4,10,5,..,..,..,9,..
Netherlands,2008,2008,18-45,75,72,3,10,9,..,..,..,9,..
Netherlands,2013,2013,18-45,73,70,3,6,15,..,..,..,10,..
Curaçao,2013,2013,18-50,39,..,..,..,..,..,..,..,..,..
Vanuatu,1983,1984,15-49,24.4,20.8,5.3,..,1.5,..,7.7,5.9,0.1,..
Vanuatu,1995,1995,15-49,39,32.1,10.3,..,4.1,..,0.1,13.8,..,..
Vanuatu,2007,2007,15-49,38.4,37,5.8,0.3,2.5,0.2,10.6,15.7,1.1,0.2
Vanuatu,2013,2013,15-49,49,37.1,11,0.6,2.4,..,9.7,10.5,2.1,0
New Zealand,1976,1976,15+,70.1,61.5,11.3,9,4.3,..,..,28.1,7.8,..
New Zealand,1995,1995,20-50,74.3,71.6,13.7,18.6,3.5,..,1.9,21.4,11.7,..
New Zealand,2014,2015,16-49,79.9,74.7,5.3,10.1,9.1,3.6,4.4,22.8,17.5,..
Nicaragua,1981,1981,15-49,27,22.8,7.1,0.1,2.3,..,1.4,10.5,0.8,..
Nicaragua,1992,1993,15-49,48.7,44.9,18.5,0.3,9.3,..,1.2,12.9,2.6,..
Nicaragua,1997,1998,15-49,60.3,57.4,26.1,0.5,9.1,..,5.2,13.9,2.6,..
Nicaragua,2001,2001,15-49,68.6,66.1,25.3,0.5,6.4,..,14.3,14.6,3.3,..
Nicaragua,2006,2007,15-49,72.4,69.8,24.3,0.4,3.4,..,23.4,13.5,3.8,..
Nicaragua,2011,2012,15-49,80.4,77.4,29.8,0.4,3.5,..,26,11.3,5.4,..
Niger,1992,1992,15-49,4.4,2.3,0.1,..,0.2,..,0.5,1.5,0,..
Niger,1998,1998,15-49,8.2,4.6,..,..,..,..,1.5,2.8,0,..
Niger,2000,2000,15-49,14,11.2,0.2,0,0.1,..,0.6,3.4,..,0.1
Niger,2006,2006,15-49,11.2,9.7,0.3,..,0.1,..,1.5,3,0,..
Niger,2012,2012,15-49,13.9,12.2,0.1,..,0.1,0.3,2.1,5.6,0,..
Niger,2015,2015,15-49,14.7,13.2,0.8,0.1,0.4,1.2,4.6,4.6,0.4,..
Niger,2016,2016,15-49,16.9,14.4,0.2,..,0.4,1.7,5,6.8,0.2,..
Niger,2017,2018,15-49,11,10.5,0.1,..,0.1,2.5,3.4,3.9,0,..
Niger,2017,2017,15-49,18.9,18.1,0.1,0,0.2,3.1,7.3,7.3,0,0
Niger,2020,2021,15-49,11,10,0,..,0.1,2.8,3.3,3.6,0.1,..
Niger,2020,2021,15-49,16.5,15.4,0.2,..,0.1,3.1,5.2,5.6,0,..
Niger,2022,2022,15-49,14.6,13.1,0.2,..,0.2,2.5,5.3,4.9,0,..
Niger,2022,2023,15-49,15.3,13.5,0.2,..,0.2,2,5.9,5.1,0,..
Nigeria,1981,1982,15-49,6.8,0.9,..,..,0.1,..,0.2,0.5,0,..
Nigeria,1990,1990,15-49,6,3.5,0.3,..,0.8,..,0.7,1.2,0.4,..
Nigeria,1994,1994,15-49,13.4,10.9,0.3,0,1.6,..,1.7,5.9,1.4,..
Nigeria,1999,1999,15-49,15.3,8.6,0.3,..,2,0.1,2.4,2.4,1.2,..
Nigeria,2003,2003,15-49,12.6,8.2,0.2,..,0.7,..,2,1.8,1.9,..
Nigeria,2007,2007,15-49,14.7,10.5,0.2,0,0.9,0.3,3.4,2.5,1.6,0
Nigeria,2008,2008,15-49,14.6,9.7,0.4,..,1,0,2.6,1.7,2.4,0
Nigeria,2011,2011,15-49,17.5,11.7,0.3,0,1,0.3,3.9,2.5,2.4,0.1
Nigeria,2012,2012,15-49,13.5,10.5,0.2,0,0.7,0.2,2.9,1.2,4.5,..
Nigeria,2013,2013,15-49,15.1,9.8,0.3,..,1.1,0.4,3.2,1.8,2.1,..
Nigeria,2016,2017,15-49,13.4,10.8,0.2,0,0.7,1.4,4.3,2.3,1.1,0.1
Nigeria,2016,2016,15-49,20.4,16,0.4,..,0.7,3.3,5.6,2.7,2.6,0
Nigeria,2017,2017,15-49,24.1,16.2,0.5,0,1,3.1,4.5,2.5,3.4,0.1
Nigeria,2018,2018,15-49,16.6,12.1,0.2,..,0.8,3.4,3.2,1.4,1.6,..
Nigeria,2018,2018,15-49,27.6,18.8,0.5,0,1.1,4.6,4.9,2.8,3.8,0
Nigeria,2021,2021,15-49,21.6,18.2,0.2,0,1.2,4.9,6.2,2.5,2.2,0.3
Norway,1977,1978,18-44,71,65.2,4,2.1,28,..,..,13,16,..
Norway,1988,1989,20-43,73.8,69.2,10.4,4.1,24.1,..,..,17.8,12.5,..
Norway,1998,1998,20-44,86.5,78.3,10.4,6.3,22.3,2.5,..,20.6,14.7,..
Norway,2005,2005,20-44,88.4,82.2,7.7,..,23.3,3.3,..,31,12.8,..
Northern Mariana Islands,1970,1970,15-49,20.5,16,..,..,1.2,..,..,7.4,..,..
Marshall Islands,1970,1970,15-49,22.7,18.1,..,..,0,..,..,16.3,..,..
Marshall Islands,1985,1985,15-49,27.2,19.4,12.8,1.4,0.7,..,0.1,2.7,1.5,..
Marshall Islands,2007,2007,15-49,44.6,42.4,25,0.2,..,3.8,9.2,2.7,1.4,..
Palau,2003,2003,15-44,32.8,29.7,1.2,0,0.9,5.6,4.4,16.9,0.6,..
Pakistan,1968,1969,15-49,5.5,..,..,..,..,..,..,..,..,..
Pakistan,1975,1975,15-49,5.4,3.9,0.9,0.1,0.7,..,0,1,1,..
Pakistan,1979,1980,15-49,3.3,..,..,..,..,..,..,..,..,..
Pakistan,1984,1985,15-49,9.1,7.6,2.6,0,0.8,..,0.6,1.4,2.1,..
Pakistan,1990,1991,15-49,11.8,9,3.5,0,1.3,..,0.8,0.7,2.7,..
Pakistan,1991,1991,15-49,6.9,..,..,..,..,..,..,..,..,..
Pakistan,1993,1993,15-49,21.9,17.9,5.4,0.1,3.5,..,0.5,2.7,4.5,..
Pakistan,1994,1995,15-49,17.8,12.6,5,0,2.1,..,1,0.7,3.7,..
Pakistan,1995,1996,15-49,13,..,..,..,..,..,..,..,..,..
Pakistan,1996,1997,15-49,15,..,..,..,..,..,..,..,..,..
Pakistan,1996,1997,15-49,23.9,16.9,6,0,3.4,..,1.4,1.6,4.2,..
Pakistan,1998,1999,15-49,17,..,..,..,..,..,..,..,..,..
Pakistan,2000,2001,15-49,27.6,20.2,6.9,0,3.5,..,2.6,1.9,5.5,..
Pakistan,2003,2003,15-49,32.1,25.2,7.5,0.2,4.4,..,3.4,3.1,6.4,..
Pakistan,2005,2006,15-49,26,18.4,6.2,..,2.1,..,2.3,2.1,5.2,..
Pakistan,2006,2007,15-49,29.6,21.7,8.2,0.1,2.3,0.1,2.3,2.1,6.8,..
Pakistan,2007,2008,15-49,27,19.3,6.5,..,2.5,..,2.7,1.9,5.4,..
Pakistan,2011,2012,15-49,29,21.7,6.4,..,2,..,2.9,2,7.8,..
Pakistan,2012,2013,15-49,35.4,26.1,8.7,0.3,2.3,..,2.8,1.6,8.8,..
Pakistan,2013,2014,15-49,32,23,7,..,1.9,..,2.9,2.2,8,..
Pakistan,2017,2018,15-49,34.2,25,8.8,0.1,2.1,0.4,2.5,1.7,9.2,..
Pakistan,2018,2019,15-49,34,23.4,7.8,..,1.7,..,3.4,1.7,8.8,..
Panama,1975,1976,20-49,53.9,45.9,21.2,0.4,3.7,..,0.6,17,1.2,..
Panama,1979,1979,15-44,60.6,54.1,..,..,3.7,..,..,19,1.7,..
Panama,1984,1985,15-44,58.2,54.2,32.4,0.4,6,0,0.8,11.8,1.6,0
Panama,2009,2009,15-49,62.5,59.5,27.8,0.2,4.5,0.1,12.9,10.7,3,0
Panama,2013,2013,15-49,62.8,60.1,25,0.5,2.4,0.2,16.3,11.4,3.7,0
Panama,2014,2015,15-49,50.8,46.9,16.8,0.4,2.4,0,15.1,8.4,2.9,0
Papua New Guinea,1996,1997,15-49,25.9,19.6,7.6,0.2,0.1,..,6.8,4.4,0.5,..
Papua New Guinea,2006,2007,15-49,32.4,24.3,8.6,0.5,..,..,9.1,4.6,1.4,..
Papua New Guinea,2016,2018,15-49,36.7,30.5,8,0.8,0.7,8.8,9.1,2.5,0.6,0
Paraguay,1977,1977,15-44,28.6,23.3,3.2,0,4,..,0.9,11.8,2.6,..
Paraguay,1979,1979,15-44,37.7,25.4,..,..,5.8,..,1.9,13,1.8,..
Paraguay,1987,1987,15-44,44.8,29,..,..,5.1,..,3.6,13.5,2.3,..
Paraguay,1990,1990,15-49,48.4,35.2,7.4,0,5.7,..,5.2,13.6,2.6,..
Paraguay,1995,1996,15-49,55.9,41.3,..,..,7.6,..,6.2,13.5,6.5,..
Paraguay,1998,1998,15-44,61.8,47.5,8,0,11.1,..,7.5,13.1,7.3,..
Paraguay,2004,2004,15-44,72.8,60.5,11.5,0.1,11.5,..,10.4,15,11.9,..
Paraguay,2008,2008,15-44,79.4,70.7,9.9,0.2,12.3,..,16.5,18,13.2,..
Paraguay,2016,2016,15-49,68.4,66.5,8.8,0.1,6.1,..,21.3,19,10.4,0.1
Peru,1969,1970,15-49,26,10,2,0,1,..,0,3,3,..
Peru,1977,1978,15-49,31.4,11.2,2.8,0,1.3,..,1,4.2,1.1,..
Peru,1981,1981,15-49,41,17,4,0,4,..,2,5,1,..
Peru,1986,1986,15-49,45.8,23,6.1,0,7.4,..,1.3,6.5,0.7,..
Peru,1991,1992,15-49,59,32.8,7.9,0.1,13.4,..,1.9,5.7,2.8,..
Peru,1996,1996,15-49,64.2,41.3,9.5,0.2,12,0.3,8,6.2,4.4,..
Peru,2000,2000,15-49,68.9,50.5,12.3,0.5,9.1,0.2,14.8,6.7,5.6,..
Peru,2004,2006,15-49,71.3,47.6,10.3,0.4,5.6,..,14.6,7.1,8.4,..
Peru,2007,2008,15-49,72.4,49.1,9.8,0.3,4,0.2,16.4,7.6,9.9,..
Peru,2009,2009,15-49,73.2,50,9.4,0.4,3.8,..,18.1,7.6,10,..
Peru,2010,2010,15-49,74.4,50.6,9.3,0.4,3.3,0.1,17.5,8.3,11.2,..
Peru,2011,2011,15-49,75.4,51.2,9.4,0.4,2.6,0.1,18,8.3,12,..
Peru,2012,2012,15-49,75.5,51.9,8.1,0.5,2.8,0,18.2,9.4,12.3,..
Peru,2013,2013,15-49,74,51.3,8.8,0.3,2.5,0.2,17.4,9.1,12.6,..
Peru,2014,2014,15-49,74.6,52.2,8.8,0.3,2.4,0.5,18.1,9.1,12.5,..
Peru,2015,2015,15-49,74.6,53.3,8.8,0.4,2.7,0.8,18.4,8.7,13.2,..
Peru,2016,2016,15-49,76.2,54.3,8.6,0.4,2.4,1.3,19,8.6,13.6,..
Peru,2017,2017,15-49,75.4,54.5,8.7,0.5,2.4,1.8,18.5,7.8,14.6,..
Peru,2018,2018,15-49,76.3,55,9.6,0.4,2.2,2.9,18.4,7.4,13.9,0
Peru,2019,2019,15-49,75.9,55.6,9.2,0.6,2.3,3.8,18.5,7.5,13.5,..
Peru,2020,2020,15-49,77.4,55,10.1,0.4,1.9,4.8,17.1,7.1,13.2,..
Peru,2021,2021,15-49,78.1,57,10.4,0.2,1.7,5.3,18,7.9,13.4,..
Peru,2022,2022,15-49,77.9,56.6,10.9,0.4,1.5,6,18.7,6.7,12.2,..
Peru,2023,2023,15-49,77.3,57.9,..,..,..,..,..,..,..,..
Philippines,1978,1978,15-49,36.2,16.2,4.7,0.7,2.3,..,0.2,4.5,3.6,..
Philippines,1993,1993,15-49,40,24.9,11.9,0.4,3,..,0.1,8.5,1,..
Philippines,1995,1995,15-49,50.7,25.5,8.9,..,..,..,..,11.2,..,..
Philippines,1996,1996,15-49,48.1,30.2,10.6,..,3.7,..,1.6,11.6,1.6,..
Philippines,1997,1997,15-49,47,30.9,10.6,..,..,..,..,12.5,..,..
Philippines,1998,1998,15-49,47.8,28.2,10.3,0.1,3.7,..,2.4,9.9,1.6,..
Philippines,1999,1999,15-49,49.3,32.3,10.7,0.1,3.4,..,2.7,13.1,1.7,..
Philippines,2000,2000,15-49,47,32.1,10.6,0.2,3.3,..,2.5,13.7,1.3,..
Philippines,2001,2001,15-49,49.5,33.1,10.5,..,..,..,..,14.1,..,..
Philippines,2002,2002,15-49,48.8,35.1,11,..,..,..,..,15.3,..,..
Philippines,2003,2003,15-49,48.9,33.3,10.5,0.1,4.1,..,3.1,13.2,1.9,..
Philippines,2004,2004,15-49,49.3,35,9.4,0.1,3.9,..,3.6,15.6,2.1,..
Philippines,2005,2005,15-49,49.3,35.9,9.4,0.1,3.9,..,3.2,17.1,1.9,..
Philippines,2006,2006,15-49,50.6,35.9,10.4,0.1,4.1,..,2.8,16.6,1.6,..
Philippines,2008,2008,15-49,50.7,34,9.2,..,3.7,..,2.6,15.7,2.3,..
Philippines,2011,2011,15-49,48.9,36.8,8.6,0.1,3.1,..,3.4,19.8,1.2,..
Philippines,2013,2013,15-49,55.1,37.4,8.5,0.1,3.5,..,3.7,19.1,1.9,..
Philippines,2017,2017,15-49,54.1,40.1,7.4,0,3.5,1.1,5,20.9,1.7,..
Philippines,2022,2022,15-49,58.3,41.8,8.7,0.1,3,2.8,5,19.8,2,..
Poland,1972,1972,<45,60,13.2,0,0,0.6,..,..,2.4,10.2,..
Poland,1977,1977,<45,75,26.3,..,..,1.5,..,..,7.5,14.3,..
Poland,1991,1991,20-49,72.7,28,0,0,8.4,..,..,3.4,13.4,..
Poland,2010,2011,18-49,50.6,41.2,..,..,0.1,..,0.2,14.5,22.2,..
Poland,2014,2014,15-49,62.3,..,..,..,4,..,..,17,27.1,..
Portugal,1979,1980,15-49,76.3,37.8,1.1,0.1,4.1,..,1.7,22,6.5,..
Portugal,1997,1997,15-49,78.8,70.4,1,0.5,7.7,..,0.4,47.8,11.4,..
Portugal,2005,2006,15-49,86.8,82.5,5.1,..,7.3,..,..,58.9,11.2,..
Portugal,2014,2014,15-49,73.9,67.1,..,..,9.2,..,..,48.3,9.6,..
Guinea-Bissau,2000,2000,15-49,7.6,4.5,0.3,0,2.3,0,0.5,0.3,0.1,0
Guinea-Bissau,2006,2006,15-49,10.3,9.6,0.3,0,2.9,0.1,0.7,1.3,0.7,0
Guinea-Bissau,2010,2010,15-49,14.2,13.1,..,..,4,..,1.5,1.2,3.2,..
Guinea-Bissau,2014,2014,15-49,16,14.4,0.2,..,3.5,3.3,1.4,1.5,1.5,0.2
Guinea-Bissau,2018,2019,15-49,20.6,20.2,0,0,3.2,9,0.9,0.9,0.5,0.3
Timor-Leste,1991,1991,15-49,25.1,20.4,0.2,0,4.5,3.6,10.5,1.4,0.2,..
Timor-Leste,1994,1994,15-49,22.6,20.7,0.1,0,1,3,14.4,2,0.2,..
Timor-Leste,1997,1997,15-49,26.7,25.1,1.2,0,1.8,2.4,17.7,1.9,0,..
Timor-Leste,2001,2001,15-49,8,6.6,..,..,..,..,5.3,0.5,..,..
Timor-Leste,2003,2003,15-49,10,8.6,0.6,0,0,0.1,5.5,0.8,0,..
Timor-Leste,2007,2007,15-49,19.8,15.8,..,..,..,..,12.5,1.9,..,..
Timor-Leste,2009,2010,15-49,22.3,20.6,0.8,..,1.3,0.8,15.7,1.7,0.2,..
Timor-Leste,2016,2016,15-49,26.1,23.7,1.4,..,2,6.2,11.7,2.2,0,..
Puerto Rico,1968,1968,15-49,60.1,50.8,34.1,1.4,1.6,..,..,11.3,2.1,..
Puerto Rico,1974,1974,15-49,61,55,..,..,3.6,..,..,20,2.9,..
Puerto Rico,1976,1976,15-49,64.6,57.6,35.4,2.8,3.4,..,..,12.7,..,..
Puerto Rico,1982,1982,15-44,70.4,62.1,39.7,4.4,4.1,..,..,9.3,4.6,..
Puerto Rico,1995,1996,15-49,77.7,67.6,45.5,3.5,1,..,..,9.7,6.4,..
Puerto Rico,2002,2002,18-44,84.1,72.2,38.5,5.3,1.2,0,2.7,15.5,8.8,..
Puerto Rico,2022,2022,18-49,74.5,..,..,..,..,..,..,..,..,..
Qatar,1987,1987,15-49,32.3,28.9,4.5,..,8.6,..,..,13.1,2.2,..
Qatar,1998,1998,15-49,43.2,32.3,4.1,..,9,..,..,15.8,2.9,..
Qatar,2012,2012,15-49,37.5,34.4,0.8,1.1,10.7,0.2,4.3,13.3,3.2,0.1
Réunion,1986,1986,20-49,64.7,57,8.2,0.1,13.7,..,3.3,28.4,2.8,..
Réunion,1990,1990,15-49,72.9,67.2,5.1,..,18.1,..,1.3,39.9,2.6,..
Réunion,1997,1997,20-44,66.6,63.5,3.2,0,13,0,0,42.6,3.2,..
Romania,1978,1978,15-49,58,5.3,0,0,0,..,0,0.6,3.5,..
Romania,1993,1993,15-44,57.3,14.5,1.4,0,4.2,0,0,3.1,3.9,..
Romania,1999,1999,15-44,63.8,29.5,2.5,..,7.3,..,..,7.9,8.5,..
Romania,2004,2004,15-44,70.3,38.2,2.8,..,6.7,..,..,14.1,12.1,..
Romania,2005,2005,18-49,69.8,50.5,3.9,0.2,6.3,..,0.4,16.2,22.6,..
Russian Federation,1992,1993,20-49,62.5,44.4,..,..,29.7,..,..,3.3,..,..
Russian Federation,1994,1994,20-49,66.8,48.6,..,..,33.1,..,..,4,..,..
Russian Federation,1995,1995,20-49,63.4,47.5,..,..,31.2,..,..,5.3,..,..
Russian Federation,1996,1996,20-49,65.3,47.1,..,..,29.7,..,..,5.3,..,..
Russian Federation,2004,2004,<50,83.8,64.6,..,..,24,..,0.3,15,28.5,..
Russian Federation,2004,2004,18-49,68.5,53,5.1,0.1,20.9,..,0.3,9.6,16,..
Russian Federation,2007,2007,<50,79.5,65,..,..,20.4,..,..,14.1,30.3,..
Russian Federation,2007,2007,21-49,63.2,49.8,..,..,20.4,..,0.1,9.1,19.3,..
Russian Federation,2010,2011,18-49,64.9,54.4,1.6,..,13.3,..,..,10.7,25.9,..
Russian Federation,2011,2011,15-44,68,55,1,..,14,..,..,13,25,..
Rwanda,1983,1983,15-50,11,0.9,..,..,0.3,..,0.4,0.2,..,..
Rwanda,1992,1992,15-49,21.2,12.9,0.7,..,0.2,0.3,8.4,3,0.2,..
Rwanda,1996,1996,20-49,13.7,7.1,..,..,0.3,0.2,4.1,2.4,0.2,..
Rwanda,2000,2000,15-49,13.2,5.7,0.8,..,0,..,1.9,1,0.4,..
Rwanda,2005,2005,15-49,17.4,9.7,0.5,..,..,..,4.7,2.4,0.9,..
Rwanda,2007,2008,15-49,36.4,27.1,0.7,0.1,0.2,1.6,15.2,6.4,1.9,0
Rwanda,2010,2011,15-49,51.6,44.5,0.8,0,0.5,6.3,26.3,7.1,2.9,..
Rwanda,2014,2015,15-49,53.2,47.5,1.2,0.2,1.1,7.7,24,8.4,3.8,0
Rwanda,2019,2020,15-49,64.1,56.9,2,0.2,2.1,26.6,15.3,6.9,3.7,0
Saint Kitts and Nevis,1984,1984,15-44,40.6,37,..,..,3.8,..,2.3,19.7,5.6,..
Anguilla,2003,2003,15-45,43,40.8,2.6,..,2.6,..,1.7,17.6,15,..
Saint Lucia,1981,1981,15-44,52.2,50.7,13.7,..,1.2,..,2.9,26.1,5.4,..
Saint Lucia,1988,1988,15-44,47.3,45.9,7.7,0,4.6,..,7.5,18.5,5.9,..
Saint Lucia,2011,2012,15-49,55.5,52.5,7.1,0,3.3,0.3,4.9,21.8,14.1,0.5
Saint Vincent and the Grenadines,1981,1981,15-44,55.5,51.6,15.6,..,2.8,..,3.2,16.8,11.2,..
Saint Vincent and the Grenadines,1988,1988,15-44,58.3,55.9,13.4,..,2.6,..,6.8,24.5,7.5,..
Sao Tome and Principe,2000,2000,15-49,29.3,28,0.4,0.1,1.4,0.1,8.5,16.7,0.1,0.1
Sao Tome and Principe,2006,2006,15-49,30.7,28.5,0.2,0,0.8,..,10.3,16.4,0.2,0.2
Sao Tome and Principe,2008,2009,15-49,38.4,33.7,1.2,0,0.4,0,11.5,15.1,5,..
Sao Tome and Principe,2014,2014,15-49,40.6,37.4,0.6,0.1,2.1,2.5,11.6,14.8,5.1,0.6
Sao Tome and Principe,2019,2019,15-49,49.7,46.1,0.3,0.1,1.9,2.3,20.9,18,2.1,0
Saudi Arabia,1996,1997,15-49,31.8,28.5,1,..,6.6,..,0.2,19.6,0.9,..
Saudi Arabia,1999,1999,15-49,20.8,..,..,..,..,..,..,..,..,..
Saudi Arabia,2007,2007,15-49,23.8,..,..,..,..,..,..,..,..,..
Saudi Arabia,2016,2016,15-49,24.6,20.8,0.4,..,4.3,..,0.2,15.2,0.7,..
Saudi Arabia,2019,2019,15-49,27.9,24.4,..,0.1,8.7,0.1,0.4,11.4,4.8,..
Saudi Arabia,2023,2023,15-49,40,32.9,0.7,0,10.2,1.7,0.4,13.3,5.7,0.1
Senegal,1978,1978,15-49,3.9,0.6,..,..,0.2,..,..,0.3,0.1,..
Senegal,1986,1986,15-49,4.7,2.4,0.2,..,0.7,..,0.1,1.2,0.1,..
Senegal,1992,1993,15-49,7.4,4.8,0.4,..,1.4,..,0.2,2.2,0.4,..
Senegal,1997,1997,15-49,12.9,8.1,0.5,..,1.6,..,1.7,3.3,0.6,..
Senegal,1999,1999,15-49,10.5,8.2,0.5,..,0.9,0.4,2.3,3.2,0.7,..
Senegal,2005,2005,15-49,11.8,10.3,0.5,..,0.5,0.6,3.2,3.6,1.5,0
Senegal,2010,2011,15-49,13.1,12.1,0.2,..,0.6,1.1,5.2,4.1,0.6,..
Senegal,2012,2013,15-49,17.8,16.1,0.3,..,1,2.7,6.2,5.1,0.6,..
Senegal,2014,2014,15-49,22.2,20.4,0.4,..,0.8,4.8,8.4,5.2,0.6,..
Senegal,2015,2015,15-49,23.3,21.2,0.4,..,1.1,5.2,8.4,5.1,0.9,..
Senegal,2016,2016,15-49,25.1,23.1,0.7,..,1.6,7.1,8.2,4.6,0.6,..
Senegal,2017,2017,15-49,27.8,26.2,0.4,..,2.2,8,10.4,4.4,0.7,0
Senegal,2018,2018,15-49,27.1,25.1,0.5,..,2.3,8.8,8.7,4.2,0.5,..
Senegal,2019,2019,15-49,26.9,25.4,0.7,0,1.9,9.7,8.3,4.2,0.5,..
Senegal,2023,2023,15-49,26.5,25.4,0.3,..,2.4,10.7,8,3.6,0.3,0
Serbia,1970,1970,15-44,51.7,3.7,..,..,0,..,..,1.3,2.4,..
Serbia,2000,2000,15-49,58.7,33,..,..,7.8,..,..,4.5,17.7,..
Serbia,2005,2006,15-49,41.2,18.9,0.2,0,6,0,0,3.4,8.4,0.2
Serbia,2010,2010,15-49,60.8,22.3,0.2,0,3.2,0,0,4.4,13.5,0.1
Serbia,2014,2014,15-49,58.4,18.4,0.4,0,2.2,0,0,3.3,12.4,0.1
Serbia,2019,2019,15-49,62.3,21.4,0.6,0,2.6,..,..,3,15.1,..
Sierra Leone,1992,1992,15+,2.6,2.4,..,..,0.4,..,0.2,1.7,0.1,..
Sierra Leone,2000,2000,15-49,4.3,3.9,0.2,0,0.2,..,0.9,2.5,0.1,..
Sierra Leone,2005,2005,15-49,5.3,4.9,0.1,0,0.1,0.1,1.4,2.5,0.1,..
Sierra Leone,2008,2008,15-49,8.2,6.7,0,..,0.2,..,2.9,2.3,0.6,..
Sierra Leone,2010,2010,15-49,11,10,..,..,..,0.6,4.6,4,0.1,..
Sierra Leone,2013,2013,15-49,16.6,15.6,0.5,..,0.1,2.4,7.5,3.9,0.2,..
Sierra Leone,2017,2017,15-49,22.5,21.8,0.1,0,0.2,3.6,11.9,5.3,0.1,0
Sierra Leone,2019,2019,15-49,21.2,20.8,0.2,0,0.4,6.8,8.9,4.1,0.1,0
Singapore,1973,1973,15-44,60.1,52.8,10.8,..,3.3,..,..,21.7,17,..
Singapore,1977,1977,15-44,71.3,62.8,21,0.9,3.1,..,..,17,20.8,..
Singapore,1982,1982,15-44,74.2,58.8,22.3,0.6,..,..,..,11.6,24.3,..
Singapore,1987,1987,15-44,67,53,..,..,5,..,..,7,17,..
Singapore,1992,1992,15-44,65,52,..,..,7,..,..,7,22,..
Singapore,1997,1997,15-44,62,55,..,..,5,..,..,10,22,..
Slovakia,1991,1991,15-44,74,41,4,..,11,..,..,5,21,..
Slovakia,1997,1997,15-44,79.8,65.6,4.7,..,12.8,..,..,22.3,25.8,..
Viet Nam,1988,1988,15-49,53.2,37.7,2.7,0.3,33.1,..,..,0.4,1.2,..
Viet Nam,1994,1994,15-49,65,43.8,3.9,0.2,33.3,..,0.2,2.1,4,..
Viet Nam,1997,1997,15-49,75.3,55.8,6.3,0.5,38.5,..,0.2,4.3,5.9,..
Viet Nam,1998,1998,15-49,71.9,57.9,..,..,..,..,..,..,..,..
Viet Nam,2000,2000,15-49,72.7,61.1,5.7,0.4,41.6,..,0.5,6.9,5.8,..
Viet Nam,2000,2000,15-49,74.2,56.2,6.1,0.6,37,0,0.4,5.4,6.1,0.2
Viet Nam,2001,2001,15-49,73.9,61.1,5.7,0.4,41.2,..,0.5,7.4,5.8,..
Viet Nam,2002,2002,15-49,78.5,56.7,5.9,0.5,37.7,..,0.4,6.3,5.8,..
Viet Nam,2002,2002,15-49,76.9,64.7,5.5,0.4,43.4,..,0.7,8,6.5,..
Viet Nam,2003,2003,15-49,75.3,63.5,5.2,0.4,42.9,..,0.7,8.6,5.6,..
Viet Nam,2004,2004,15-49,75.7,64.6,5,0.3,42.3,..,0.8,9,7,..
Viet Nam,2005,2005,15-49,76.8,65.7,4.8,0.3,42.5,..,0.9,9.6,7.4,..
Viet Nam,2006,2006,15-49,78,67.1,..,..,..,..,..,..,..,..
Viet Nam,2006,2006,15-49,75.7,61,5.8,0.5,35.9,0.1,1.2,9,7.6,0.3
Viet Nam,2006,2006,15-49,81.8,68.4,4.5,0.2,45.1,..,..,8.7,9,..
Viet Nam,2007,2007,15-49,79,68.2,4.4,0.3,43.7,0.1,0.9,10.4,8.3,..
Viet Nam,2008,2008,15-49,79.4,68.8,4,0.2,44.4,0.2,0.9,10.5,8.7,..
Viet Nam,2010,2011,15-49,77.8,60,3.9,0.1,31,0.2,1.7,10.1,12.7,..
Viet Nam,2010,2010,15-49,78,67.5,3,0.2,40.6,..,1.4,12.1,10.2,..
Viet Nam,2011,2011,15-49,78.1,68.5,2.6,0.2,41.5,..,1.3,12.3,10.6,..
Viet Nam,2012,2012,15-49,76.3,66.6,2.3,0.2,39.5,..,1.4,12.7,10.4,..
Viet Nam,2013,2014,15-49,75.7,57,2.8,0.1,28.2,0.2,1.7,11.9,11.8,0.2
Viet Nam,2013,2013,15-49,77.3,67.1,2.2,0.2,38.3,..,1.5,13.6,11.3,..
Viet Nam,2015,2015,15-49,75.7,65,1.7,0.1,36.3,0.3,1.3,14.2,11.1,..
Viet Nam,2016,2016,15-49,77.5,66.4,1.6,0.1,36.5,0.3,1.3,14.7,11.9,..
Viet Nam,2017,2018,15-49,76.4,65.6,1.4,0.1,34.8,0.5,1.5,15.4,11.9,..
Viet Nam,2018,2019,15-49,76.5,66.5,1.1,0.1,35.2,0.3,1.2,15.6,13,..
Viet Nam,2020,2021,15-49,72.8,59.8,1.6,0,23.7,0.3,2,16,15.3,0.7
Slovenia,1970,1970,15-44,70.6,14.2,..,..,4.6,..,..,8.4,1.2,..
Slovenia,1994,1995,15-44,78.9,63.2,6,0.1,22.9,..,0.3,23.2,8.1,..
Somalia,1999,1999,15-49,7.9,1,0,..,0,0,0,0.2,0,0
Somalia,2006,2006,15-49,14.6,1.1,..,..,0.1,..,0.2,0.8,0,..
Somalia,2011,2011,15-49,2.6,0.2,..,..,..,..,..,0.1,..,..
Somalia,2011,2011,15-49,9.8,1.5,..,..,..,..,0.4,1,..,0.1
Somalia,2018,2019,15-49,6.9,0.9,..,..,0,0.2,0.1,0.4,0,..
South Africa,1987,1989,<50,49.7,48.4,8,1.4,5.3,..,19.6,13.2,0.7,..
South Africa,1998,1998,15-49,56.3,55.1,15.8,2.1,1.8,..,23.2,10.6,1.7,..
South Africa,2003,2004,15-49,59.9,59.8,14.3,0.7,1,..,28.4,10.9,4.6,0
South Africa,2016,2016,15-49,54.6,54,7.7,0.6,1.2,3.3,23.9,8.4,8.8,0.1
Zimbabwe,1984,1984,15-49,38.4,26.6,1.6,0.1,0.7,..,0.8,22.6,0.7,..
Zimbabwe,1988,1989,15-49,43.1,36.1,2.3,0.2,1.1,..,0.3,31,1.2,..
Zimbabwe,1994,1994,15-49,48.1,42.2,2.3,0.2,1,0.2,3.2,33.1,2.3,..
Zimbabwe,1999,1999,15-49,53.5,50.4,2.6,0.1,0.9,0.5,8.1,35.5,1.8,..
Zimbabwe,2005,2006,15-49,60.2,58.4,2,0.1,0.3,1.2,9.9,43,1.4,0
Zimbabwe,2009,2009,15-49,64.9,63,0.5,0.1,0.4,2,8.3,49.9,1.5,0.2
Zimbabwe,2010,2011,15-49,58.5,57.3,1.1,..,0.2,2.7,8.3,41.3,3.1,0.3
Zimbabwe,2014,2014,15-49,66.9,66.5,0.9,0,0.4,8.4,9,43.9,3.3,0.2
Zimbabwe,2015,2015,15-49,66.8,65.8,0.8,0,0.6,9.6,9.6,40.9,3.8,0.1
Spain,1977,1977,18-49,47.1,18.6,2.5,0,0.5,..,0,11,4.6,..
Spain,1985,1985,18-49,59.4,38,4.3,0.3,5.7,..,0,15.5,12.2,..
Spain,1994,1995,18-49,81.1,67.4,12.1,8.1,7.6,..,0.2,14.6,24.3,..
Spain,1999,1999,15-49,71.7,66,10.1,9,6.6,..,0.1,13.1,27,..
Spain,2006,2006,15-49,65.7,62.3,5.6,7.9,6.4,..,0.2,17.2,24.8,..
Spain,2008,2009,16-49,70.1,68.3,5.9,7.9,6,..,..,18.7,28.4,0.1
Spain,2014,2014,15-49,72.7,71.7,5.5,7.2,6.1,0.5,0.1,16.5,31.3,..
Spain,2016,2016,15-49,70.9,69.9,3.3,4.5,6.9,0.8,0.2,21.9,28.4,..
Spain,2018,2018,15-49,72.2,70.1,5.4,4.3,8.6,1,0.2,17.4,29.6,..
Spain,2018,2018,18-49,62.1,59.9,2.2,6.2,4.5,..,..,..,26.5,0
Spain,2020,2020,15-49,70.5,69.9,2.3,4.2,8.3,1.4,0.4,19.2,31.3,..
Spain,2022,2022,15-49,75.7,73.5,3.8,4.7,6.7,1.7,0.4,17.8,35.7,..
South Sudan,2006,2006,15-49,3.5,3.3,0,..,0,..,0,0.2,0.8,..
South Sudan,2010,2010,15-49,4,1.7,0.1,0,0,0,0.4,0.3,0.4,0
South Sudan,2011,2011,15-49,..,6.5,..,..,..,..,..,..,..,..
South Sudan,2015,2015,15-49,..,5,..,..,..,..,..,..,..,..
Sudan,1978,1979,15-49,4.6,3.9,0.3,..,0.1,..,0.2,3.1,0.1,..
Sudan,1989,1990,15-49,8.7,5.6,0.8,..,0.7,..,0.1,3.9,0.1,..
Sudan,1992,1993,15-49,9.9,6.9,..,..,0.6,..,..,5.1,..,..
Sudan,1999,1999,15-49,7,5.4,0,0,0,..,0,4,0,..
Sudan,2006,2006,15-49,9.5,9,0.5,..,0.4,..,0.7,6.2,0,..
Sudan,2010,2010,15-49,9.1,8.5,..,..,..,..,..,..,..,..
Sudan,2014,2014,15-49,12.2,11.7,..,..,0.4,0.3,1.4,9,0,0
Suriname,1992,1992,15-44,48,46.6,5.8,..,1.4,..,1.9,32.6,4.8,..
Suriname,1999,2000,15-49,42.1,40.7,9.3,0.1,1.7,..,2.6,24.5,2.5,..
Suriname,2006,2006,15-49,45.6,45,9.1,0.1,1.5,..,3.1,27.3,3.9,..
Suriname,2010,2010,15-49,47.6,47.2,11.1,0.1,2,0.2,4.4,24.7,4.7,0
Suriname,2018,2018,15-49,39.1,38.5,4.1,0,2.2,0.1,5.2,24.1,2.7,0.1
Eswatini,1988,1989,15-49,19.8,17.1,3.2,0.2,1.8,..,5.5,5.5,0.7,..
Eswatini,2000,2000,15-49,27.7,26.1,6,0,1.2,..,11.6,5.4,1.8,..
Eswatini,2002,2002,15-49,40.1,38.6,2.2,..,0.9,..,13.5,5.6,16.2,..
Eswatini,2006,2007,15-49,50.6,47.7,5.8,0.2,1.4,0.1,17.2,9.9,12.2,0.1
Eswatini,2010,2010,15-49,65.2,63.1,5.2,0.3,1.1,1.8,21.3,10.7,22.4,0.2
Eswatini,2014,2014,15-49,66.1,65.5,3.7,0,0.7,3.8,21.9,10.5,23.9,0.8
Eswatini,2021,2022,15-49,57.7,57,2.8,0.3,1.8,10.5,10.7,18.5,11.8,0.4
Sweden,1981,1981,20-44,78,72,..,..,20,..,0,23,25,..
Sweden,1996,1996,18-44,75.2,64.8,..,..,16.2,..,0,27.4,16.4,..
Sweden,2013,2013,16-49,72.4,68.8,1.9,..,27,3.1,1.9,22.3,11.1,..
Sweden,2017,2017,16-49,70.3,68.1,1.4,1.1,27.5,3.1,1.1,15.5,11.5,..
Switzerland,1980,1980,See notes,71.2,64.9,..,..,10.6,..,0,28,8.4,..
Switzerland,1994,1995,20-49,82,77.5,13.8,8.3,6,..,0.3,34.1,14.2,..
Switzerland,2012,2012,15-49,72.9,69.2,..,..,12.5,..,..,24.5,15.2,..
Switzerland,2017,2017,15-49,71.6,67.3,..,..,11.9,..,..,22.1,19.1,..
Syrian Arab Republic,1978,1978,<50,29.5,22.4,0.5,0.1,0.9,..,0.5,17.5,1,..
Syrian Arab Republic,1993,1993,15-49,39.6,28.3,2.2,0,15.7,..,0,9.9,0.3,..
Syrian Arab Republic,2001,2001,15-49,46.6,35.1,1.4,0,20,..,0.3,12.2,0.9,..
Syrian Arab Republic,2006,2006,15-49,58.3,46.6,1.2,..,25.7,..,0.9,12.9,1.6,..
Syrian Arab Republic,2009,2009,15-49,53.9,37.5,2.6,..,22.8,..,0.9,8.9,2.1,..
Tajikistan,2000,2000,15-49,33.9,28.3,0.2,0.1,25.1,..,0.9,0.6,0.4,..
Tajikistan,2005,2005,15-49,37.9,36.2,0.4,0.4,26.3,0,2.4,2.1,1.4,0
Tajikistan,2007,2007,15-49,37.1,31.7,..,..,25.9,..,0.7,2.6,1.3,..
Tajikistan,2012,2012,15-49,27.9,25.8,0.6,..,18.5,0,2,2.3,2.2,..
Tajikistan,2017,2017,15-49,29.3,27.1,0.8,..,18.3,0.1,1.3,1.9,3.8,0
Thailand,1969,1970,15-44,14.8,14.8,5.5,2.1,2.2,..,0.4,3.8,0.8,..
Thailand,1972,1973,15-44,26.3,25.7,6.8,2.9,4.6,..,0.9,10.4,0.1,..
Thailand,1975,1975,15-44,36.7,33.9,7.4,2.2,6.5,..,2.1,15.2,0.5,..
Thailand,1978,1978,15-44,53.4,49.3,13,3.5,4,..,4.7,21.9,2.2,..
Thailand,1981,1981,15-44,59,56.3,18.7,4.2,4.2,..,7.1,20.2,1.9,..
Thailand,1984,1984,15-44,64.6,62,23.5,4.4,4.9,..,7.6,19.8,1.8,..
Thailand,1987,1987,15-49,65.5,63.6,22.8,5.7,6.9,0,8.5,18.6,1.1,..
Thailand,1989,1989,15-44,66.2,64.2,22.6,3.4,4.2,..,9.3,24.2,..,..
Thailand,1993,1993,15-44,73.9,72.2,19.8,2.8,5.7,0,14.8,27.2,1.9,..
Thailand,1995,1996,15-44,75.2,73.8,23.9,1.9,3.5,1.3,14.3,28.4,0.5,..
Thailand,1996,1997,15-44,72.2,69.8,22,2,3.2,1.3,16.4,23.1,1.8,..
Thailand,2001,2001,15-49,77.8,76.1,26.4,1.9,2.7,1.2,13.6,28.4,1.9,..
Thailand,2005,2006,15-49,73.8,72.5,24.9,0.7,1.1,0.7,12.5,31.3,0.8,..
Thailand,2005,2006,15-49,71.5,70.1,24.5,1,1.2,0.7,10.4,30.9,1.4,..
Thailand,2006,2006,15-49,81.1,79.8,26.6,0.9,1.2,0.8,12.4,36.7,1.2,..
Thailand,2009,2009,15-49,79.6,77.5,23.7,0.9,0.9,0.4,14,35,2.3,..
Thailand,2012,2012,15-49,79.3,76.9,27.4,0.5,0.8,0.7,12.6,32.1,2.6,..
Thailand,2015,2016,15-49,78.4,75.5,24.3,0.4,0.4,1.1,14,32.8,2.5,..
Thailand,2019,2019,15-49,73,71.3,25.2,0.3,0.4,1.6,11.9,29.1,2.1,0.1
Thailand,2022,2022,15-49,73,70.8,24.3,0.2,0.4,2.3,9.7,31,2.7,..
Togo,1988,1988,15-49,12.1,3.1,0.6,..,0.8,..,0.2,0.4,0.4,..
Togo,1998,1998,15-49,13.9,7,0.4,..,1,0.6,2.1,1.2,1.5,..
Togo,2000,2000,15-49,25.7,13.3,0.7,0,0.2,1,3,2.5,1.6,0.1
Togo,2006,2006,15-49,16.8,11.6,0.3,0,0.4,1,3.3,2,3.8,0.1
Togo,2010,2010,15-49,15.2,13.7,0.3,0,0.2,1.7,6,2.4,2.5,0.1
Togo,2013,2014,15-49,19.9,17.2,0.3,..,0.8,4.7,7.1,2.2,2.1,..
Togo,2017,2017,15-49,23.9,21.5,1,0.1,1,5.5,7.9,2.3,2.8,0.2
Tonga,2012,2012,15-49,34.1,28.4,13.9,0,3.7,0,6.7,2.1,1.6,..
Tonga,2019,2019,15-49,29.3,25.2,8.9,0.1,1.3,6.5,5.5,1.8,0.5,0.1
Trinidad and Tobago,1970,1971,15-44,43.6,36.5,2,0.1,3,..,0,17.1,9.8,..
Trinidad and Tobago,1977,1977,15-49,60.2,53.4,5,0.2,2.6,..,1.2,21,17.5,..
Trinidad and Tobago,1987,1987,15-49,52.7,44.4,8.2,0.2,4.4,..,0.8,14,11.8,..
Trinidad and Tobago,2000,2000,15-49,38.2,33.3,7.2,0.2,2.2,0.4,0.9,10.2,11.7,..
Trinidad and Tobago,2006,2006,15-49,42.5,38.1,8.4,0.1,2.5,0.3,2.4,10.9,13,..
Trinidad and Tobago,2011,2011,15-49,40.3,37.6,7.9,0.1,1.7,0.4,2.7,11,13.2,0.5
Trinidad and Tobago,2022,2022,15-49,36.5,30.5,6.4,0.1,2.9,0.6,3.3,9.5,7.4,0.3
United Arab Emirates,1995,1995,15-49,27.5,23.6,4.2,0.1,3.7,..,1.5,12,2,..
Tunisia,1978,1978,15-49,31.4,24.7,7.5,..,8.7,..,0.1,6.5,1.2,..
Tunisia,1983,1983,15-49,41.1,34.2,12.5,..,13.2,..,0.4,5.3,1.3,..
Tunisia,1988,1988,15-49,49.8,40.4,11.5,..,17,..,0.8,8.8,1.3,..
Tunisia,1994,1995,15-49,60,51,14.5,0,21.5,0,1,11.1,1.6,..
Tunisia,2000,2000,15-49,65.5,57.7,11.1,0.1,31.6,0.3,1.9,11,0.5,0.1
Tunisia,2001,2001,15-49,62.6,53.1,..,..,27.6,0.4,1.7,10.9,1.6,..
Tunisia,2006,2006,15-49,60.2,51.5,5.6,..,27.8,0.3,1.4,14.5,1.3,..
Tunisia,2011,2012,15-49,62.5,50.9,3.1,0,25.3,0.4,1,19,1.1,0.1
Tunisia,2018,2018,15-49,50.7,44.3,1.3,0.1,21.3,0.9,0.7,18.9,1,0.1
Tunisia,2023,2023,15-49,54,48.4,1.1,0.3,21.9,2.2,0.7,20.4,1.1,0.1
Turkey,1963,1963,<45,22.1,6.7,..,..,0,..,..,1,4.3,..
Turkey,1968,1968,<45,31.6,9.3,..,..,1.6,..,..,2.2,4.4,..
Turkey,1973,1973,<45,36.8,11.4,..,..,..,..,..,..,..,..
Turkey,1978,1978,15-49,50.4,17.8,0.6,0.2,4,..,0.4,8.1,4.1,..
Turkey,1983,1983,15-49,50.6,22.4,1.1,..,7.3,..,0.2,7.4,4,..
Turkey,1988,1988,<50,63.4,31.1,1.7,0.1,14,..,0.1,6.2,7.2,..
Turkey,1993,1993,15-49,62.6,34.5,2.9,0,18.8,..,0.1,4.9,6.6,..
Turkey,1998,1998,15-49,63.9,37.7,4.2,0,19.8,..,0.5,4.4,8.2,..
Turkey,2003,2004,15-49,71,43.1,5.7,0.1,20.2,..,0.4,4.7,10.8,..
Turkey,2008,2008,15-49,73,46,8.3,0.1,16.9,0,0.9,5.3,14.3,0
Turkey,2013,2014,15-49,73.5,47.4,9.4,0,16.8,0,0.6,4.6,15.8,..
Turkey,2018,2018,15-49,69.8,49,10.4,..,13.7,..,1,4.8,19.1,..
Turkmenistan,2000,2000,15-49,53.9,45.2,1.8,..,39,..,1,1.2,2,..
Turkmenistan,2006,2006,15-49,48,46.9,..,..,42.5,0.1,0.6,1.7,0.9,0.1
Turkmenistan,2015,2016,15-49,50.2,47.1,0.3,0.1,44,0,0.3,1,1.5,0
Turkmenistan,2019,2019,15-49,49.7,47.3,0.3,0,44.2,0,0.3,0.9,1.6,0
Turks and Caicos Islands,2019,2020,15-49,34.4,33.5,4.4,0.7,1.5,0.6,4.8,9.8,10.7,0.4
Tuvalu,2007,2007,15-49,30.5,22.4,8.5,..,1.3,1.5,8.4,2.2,0.5,..
Tuvalu,2019,2020,15-49,23.7,22.4,1.6,..,..,6.5,12.6,0.9,0.2,0.2
Uganda,1988,1989,15-49,4.9,2.5,0.8,..,0.2,..,0.4,1.1,0,..
Uganda,1995,1995,15-49,14.8,7.8,1.4,..,0.4,..,2.5,2.6,0.8,..
Uganda,2000,2001,15-49,22.8,18.2,2,0,0.2,0.3,6.4,3.2,1.9,..
Uganda,2004,2005,15-49,19.7,18.7,1.7,..,0.2,0.3,9.7,3,1,..
Uganda,2006,2006,15-49,23.7,17.9,2.4,0.1,0.2,0.3,10.2,2.9,1.7,..
Uganda,2011,2011,15-49,30,26,2.9,0.1,0.5,2.7,14.1,2.9,2.7,..
Uganda,2014,2014,15-49,27.2,25.3,1.8,0.1,0.8,3.3,15,2.1,1.8,0.1
Uganda,2015,2015,15-49,34.3,29.5,1.7,0.1,0.3,4.9,16.8,2.4,2.9,0.1
Uganda,2015,2015,15-49,35,31.1,2.5,0.1,1.2,4.9,16.3,2.1,3.2,..
Uganda,2016,2016,15-49,39,34.5,2.7,0.1,1.5,6.3,18.5,1.9,2.4,0
Uganda,2016,2016,15-49,36.9,32.2,2.8,0,0.8,5,18.1,2.5,2.1,0.1
Uganda,2017,2017,15-49,38.5,33.9,2.6,0.1,0.9,7.1,17.6,2.7,2.3,0
Uganda,2018,2018,15-49,41.8,36.3,2.9,..,1.4,9.7,16.7,2,2.6,..
Uganda,2020,2020,15-49,44.6,36.5,1.9,0.1,1.9,12.5,14.8,1.7,2.4,..
Uganda,2021,2021,15-49,50.2,42.7,2.1,..,2.1,13.2,18.4,2.6,2.1,..
Uganda,2022,2022,15-49,43,38,3,..,2,12,15,2,1,..
Uganda,2022,2022,15-49,50.1,41.4,2.5,..,2.6,12.7,17,2.3,2.1,..
Ukraine,1999,1999,15-44,67.5,37.6,1.4,..,18.6,..,..,3,13.5,..
Ukraine,2000,2000,15-49,71.6,..,..,..,..,..,..,..,..,..
Ukraine,2005,2005,15-49,65.6,58.5,1.3,..,24.8,0.1,0.1,10.7,20.3,0.4
Ukraine,2007,2007,15-49,66.7,47.5,0.6,..,17.7,..,0,4.8,23.8,..
Ukraine,2012,2012,15-49,65.4,47.8,0.9,0,13.9,0.1,0,6.4,24.2,0.4
North Macedonia,1970,1970,15-44,43.2,3.1,..,..,0.4,..,..,1,1.7,..
North Macedonia,2011,2011,15-49,40.2,12.8,0.7,0,2,0,0.2,1.6,8.3,0
North Macedonia,2018,2019,15-49,59.9,14,1.4,..,1.4,..,..,1.1,10,0
Egypt,1974,1975,15-49,24.9,22.4,0,0,2.5,..,0,19.9,0,..
Egypt,1980,1980,<44,31.4,29.7,0.7,0.1,5.3,..,0.1,21.7,1.3,..
Egypt,1984,1984,<50,30.3,28.7,1.5,..,8.4,..,0.3,16.5,1.3,..
Egypt,1988,1989,15-49,37.8,35.4,1.5,0,15.7,..,0.1,15.3,2.4,..
Egypt,1991,1991,15-49,47.6,44.3,1.3,..,24.1,..,0.5,15.9,2.1,..
Egypt,1992,1993,15-49,47.1,44.8,1.1,..,27.9,..,0.5,12.9,2,..
Egypt,1995,1996,15-49,47.9,45.5,1.1,..,30,0,2.4,10.4,1.4,..
Egypt,1997,1998,15-49,54.5,51.8,1.4,0,34.6,0.1,3.9,10.2,1.5,..
Egypt,1998,1998,15-49,51.7,49.5,1.3,0,34.3,0,3.9,8.7,1.1,..
Egypt,2000,2000,15-49,56.1,53.9,1.4,..,35.5,0.2,6.1,9.5,1,..
Egypt,2003,2003,15-49,60,56.6,0.9,..,36.7,0.9,7.9,9.3,0.9,..
Egypt,2005,2005,15-49,59.2,56.5,1.3,..,36.5,0.8,7,9.9,1,..
Egypt,2008,2008,15-49,60.3,57.6,1,..,36.1,0.5,7.4,11.9,0.7,..
Egypt,2014,2014,15-49,58.5,56.9,1.2,..,30.1,0.5,8.5,16,0.5,..
Egypt,2021,2021,15-49,66.4,64.7,..,..,29,..,10,20,..,..
United Kingdom,1986,1986,16-49,81,78,15,16,8,..,1,19,16,..
United Kingdom,1989,1989,16-49,69,66,11,12,5,..,..,22,15,..
United Kingdom,1991,1991,16-49,70,70,12,13,5,..,..,23,16,..
United Kingdom,1993,1993,16-49,82,82,14,18,6,..,0,23,18,..
United Kingdom,1995,1996,16-49,82,80,14,17,4,..,1,22,19,..
United Kingdom,1997,1998,16-49,74,74,11,10,4,..,..,26,21,0
United Kingdom,1998,1998,16-49,83,81,13,18,6,..,2,22,19,..
United Kingdom,1998,1999,16-49,82,82,14,18,5,..,..,23,20,0
United Kingdom,1999,2000,16-49,76,76,11,11,5,..,..,26,22,0
United Kingdom,1999,2001,16-44,84.7,76.9,8.5,11,5.1,0.2,2,22.1,25.4,0.1
United Kingdom,2000,2001,16-49,80,80,13,16,7,..,..,21,22,0
United Kingdom,2001,2002,16-49,83,82,12,19,4,..,..,24,19,..
United Kingdom,2002,2003,16-49,84,81,13,17,7,..,..,22,18,0
United Kingdom,2002,2003,16-49,80,80,11,18,5,..,3,23,19,..
United Kingdom,2003,2004,16-49,84,84,14,19,5,..,..,21,22,..
United Kingdom,2004,2005,16-49,82,79,11,18,5,..,..,21,20,..
United Kingdom,2005,2006,16-49,82,82,14,20,9,1,3,26,25,0
United Kingdom,2006,2007,16-49,84,84,12,20,8,1,3,31,25,0
United Kingdom,2007,2008,16-49,82,82,9,19,11,2,3,29,27,0
United Kingdom,2008,2008,16-49,84,84,8,21,10,1,2,28,27,1
United Kingdom,2010,2012,16-49,76.1,71.1,5.9,9.8,8.9,3,2.2,16.9,23.2,0.1
United Republic of Tanzania,1991,1992,15-49,10.4,6.6,1.6,0,0.4,0,0.4,3.4,0.7,..
United Republic of Tanzania,1994,1994,15-49,20.4,13.1,2,..,1,..,2.8,5.6,1.7,..
United Republic of Tanzania,1996,1996,15-49,18.4,13.3,1.9,..,0.6,..,4.5,5.5,0.8,..
United Republic of Tanzania,1999,1999,15-49,25.4,18.8,2,..,0.4,..,6.3,5.3,2.7,..
United Republic of Tanzania,2003,2004,15-49,28.2,23.4,2,..,0.5,0.5,11.8,7.1,1.3,..
United Republic of Tanzania,2004,2005,15-49,26.4,20,2.6,0,0.2,0.5,8.3,5.9,2,..
United Republic of Tanzania,2009,2010,15-49,34.4,27.4,3.5,..,0.6,2.3,10.6,6.7,2.3,..
United Republic of Tanzania,2015,2016,15-49,38.4,32,3.4,0.1,0.9,6.7,12.6,5.5,2.4,..
United Republic of Tanzania,2022,2022,15-49,37.6,31.1,3,0,0.9,13.8,8.7,2.6,1.3,..
United States of America,1955,1955,18-39,58.8,37.3,8.4,0.9,..,..,0,..,15.9,..
United States of America,1965,1965,15-44,66.5,49.1,3.1,2.7,0.7,..,..,18.9,14.6,..
United States of America,1970,1970,15-44,67.6,56.8,4.6,4.9,5.1,..,..,23.9,10,..
United States of America,1973,1973,15-44,69.6,63.5,8.6,7.8,6.7,..,..,25.1,9.4,..
United States of America,1975,1975,15-44,79,73.2,12.9,11.8,6.9,..,..,27.1,8.6,..
United States of America,1976,1976,15-44,67.7,60.5,9.5,9,6.3,..,..,22.5,7.3,..
United States of America,1982,1982,15-44,69.5,64,18.7,10.8,4.8,..,..,13.4,9.8,..
United States of America,1988,1988,15-44,74.3,69.1,23.4,12.9,1.5,..,..,15.1,10.6,..
United States of America,1990,1990,15-44,70.7,66.6,23.7,13.6,1,..,..,14.5,9.9,..
United States of America,1995,1995,15-44,76.4,70.5,23.8,13.2,0.7,0.7,1.4,15.6,13.3,0
United States of America,2002,2002,15-44,72.8,68.1,21.7,11.2,1.9,1,2.2,17.2,12,..
United States of America,2006,2008,15-44,77.1,71.6,22.1,10.6,5.2,..,1.7,17.7,11.4,..
United States of America,2006,2010,15-44,76.4,70.4,22.1,11,5.2,..,..,16.3,11.8,..
United States of America,2011,2013,15-44,74.1,70.1,21.3,11.6,8.9,0.6,1.3,13.3,9.4,..
United States of America,2013,2015,15-44,72.7,63.1,18.3,6.8,9.5,1.3,1.5,13.5,10.5,..
United States of America,2015,2017,15-44,75.9,67.7,18.7,8.3,11.3,2,1.4,11.4,12.7,..
United States of America,2017,2019,15-49,73.9,66.1,19,11.3,10.5,1.5,1,11.1,10.3,..
United States Virgin Islands,2002,2002,18-44,78.4,72.6,19.2,2.1,1.4,0,5.2,18.8,25.3,..
Burkina Faso,1992,1993,15-49,7.9,4.2,0.2,0,0.7,..,0.1,2.1,0.8,..
Burkina Faso,1998,1999,15-49,11.9,4.8,..,..,0.4,..,1.1,1.8,1.2,..
Burkina Faso,2003,2003,15-49,13.8,8.7,0.1,..,0.4,1.2,2.5,2.2,2.1,..
Burkina Faso,2006,2006,15-49,17.4,14.4,0.1,..,0.1,2,5,4.6,1.4,..
Burkina Faso,2010,2011,15-49,16.2,15,0.2,..,0.3,3.4,6.2,3.2,1.6,..
Burkina Faso,2014,2014,15-49,18.1,17.9,0.1,..,0.3,8.2,6.8,2.5,0.1,..
Burkina Faso,2015,2015,15-49,20.8,20,0.1,..,0.9,8,7.6,2.6,0.7,..
Burkina Faso,2016,2016,15-49,25.5,24.2,0,..,0.6,11.4,8.3,2.8,1,..
Burkina Faso,2016,2017,15-49,25.4,24.5,0,0,0.9,11.8,8.2,2.8,0.8,0
Burkina Faso,2017,2018,15-49,31.7,29.9,0.1,0,1.3,15.2,8.6,3.5,1.1,0
Burkina Faso,2018,2019,15-49,32.5,30.7,..,..,1.4,13.5,9.8,3.9,1.8,..
Burkina Faso,2020,2020,15-49,30.1,28.1,0.2,..,1.4,14.1,8.1,2.8,1.4,..
Burkina Faso,2020,2021,15-49,35.3,31.7,0.1,..,1.6,15.2,10,2.5,2.2,0
Burkina Faso,2021,2021,15-49,33.8,31.5,0.1,..,2,16.1,8.3,2.9,1.1,0
Burkina Faso,2021,2022,15-49,34.2,31.2,0.1,..,1.8,14.6,10.3,2.9,..,..
Uruguay,1986,1986,15-49,83,72.4,..,..,9.7,..,..,42.7,11.5,..
Uruguay,2004,2004,15-50,77,74.8,5.4,0.8,12.3,..,..,23.9,30.8,..
Uruguay,2015,2015,15-44,79.6,78.3,9.1,0.6,11.1,1.2,0.7,30.8,24,0.6
Uzbekistan,1996,1996,15-49,55.6,51.3,0.7,..,45.8,..,1.4,1.7,1.7,..
Uzbekistan,2000,2000,15-49,67.2,63.6,1.4,0.1,56.3,..,1.3,2.6,0.7,0.1
Uzbekistan,2002,2002,15-49,67.7,62.8,2.6,..,51.8,..,2,1.6,2,..
Uzbekistan,2006,2006,15-49,64.9,61.9,2.1,0.1,49.7,0.1,2.7,2.3,2.1,0.1
Uzbekistan,2021,2022,15-49,58.8,56.4,7.5,0,42.9,0,1.4,1.5,2.4,0
Venezuela (Bolivarian Republic of),1977,1977,15-44,60.3,46.1,9.3,..,10.5,..,..,18.7,5.9,..
Venezuela (Bolivarian Republic of),1993,1993,15-49,58,54.5,..,..,9,..,..,24,1.5,..
Venezuela (Bolivarian Republic of),1998,1998,15-49,70.3,61.7,..,..,9.5,..,..,21.1,3.4,..
Venezuela (Bolivarian Republic of),2010,2010,15-49,75,..,..,..,..,..,..,..,..,..
Samoa,1998,1998,15-49,24.5,23.2,2.1,0.1,1.3,..,12.4,6.4,0.9,..
Samoa,2009,2009,15-49,28.7,26.7,6.7,0,0.2,0,13.7,5.8,0.2,..
Samoa,2014,2014,15-49,26.9,24.3,7.1,0,0.4,0.1,10.4,5.9,0.2,..
Samoa,2019,2020,15-49,16.6,15.9,2.8,0,0.9,1.5,8.4,1.8,0.1,0
Yemen,1979,1979,<50,1.7,1.6,0.2,0.2,0.1,..,0.1,1,0.1,..
Yemen,1991,1992,15-49,9.7,6.1,0.8,0.1,1.2,..,0.6,3.2,0.1,..
Yemen,1997,1997,15-49,20.8,9.8,1.4,0.1,3,..,1.2,3.8,0.3,..
Yemen,2002,2003,15-49,23.1,13.4,1.7,0.1,3.4,..,1.3,6.3,0.4,..
Yemen,2006,2006,15-49,27.7,19.2,2.3,..,4,..,3.5,9,0.4,..
Yemen,2013,2013,15-49,33.5,25.2,2.3,0.1,5.9,0.6,4.2,11.6,0.5,..
Zambia,1992,1992,15-49,15.2,8.9,2.1,0,0.5,0,0.1,4.3,1.8,..
Zambia,1996,1997,15-49,25.9,14.4,2,0,0.4,..,1,7.2,3.5,..
Zambia,1999,1999,15-49,22,18.5,0.4,0.2,0.5,0.2,2.5,12.6,1.2,0
Zambia,2001,2002,15-49,34.2,25.3,2,..,0.1,0.3,4.5,11.9,3.8,0
Zambia,2007,2007,15-49,40.8,32.7,1.9,..,0.1,0.4,8.5,11,4.7,0.1
Zambia,2013,2014,15-49,49,44.7,1.9,..,1.2,5.5,19.3,11.8,4,0.1
Zambia,2018,2018,15-49,49.6,47.5,1.5,..,0.7,7.9,25.6,7.6,3,..
